{
	"credit": "Made by Xiques_L",
	"texture_size": [32, 32],
	"textures": {
		"0": "item/hattextures/crown",
		"particle": "item/hattextures/crown"
	},
	"elements": [
		{
			"from": [4, 0, 4],
			"to": [12, 2, 5],
			"faces": {
				"north": {"uv": [3.5, 9.5, 7.5, 10.5], "texture": "#0"},
				"east": {"uv": [5.5, 11.5, 6, 12.5], "texture": "#0"},
				"south": {"uv": [7.5, 9.5, 11.5, 10.5], "texture": "#0"},
				"west": {"uv": [6, 11.5, 6.5, 12.5], "texture": "#0"},
				"up": {"uv": [14.5, 9.5, 10.5, 9], "texture": "#0"},
				"down": {"uv": [15.5, 1, 11.5, 1.5], "texture": "#0"}
			}
		},
		{
			"from": [4, 0, 4],
			"to": [5, 2, 12],
			"faces": {
				"north": {"uv": [7, 11.5, 7.5, 12.5], "texture": "#0"},
				"east": {"uv": [8, 10.5, 12, 11.5], "texture": "#0"},
				"south": {"uv": [7.5, 11.5, 8, 12.5], "texture": "#0"},
				"west": {"uv": [10.5, 8, 14.5, 9], "texture": "#0"},
				"up": {"uv": [12, 6.5, 11.5, 2.5], "texture": "#0"},
				"down": {"uv": [4.5, 11.5, 4, 15.5], "texture": "#0"}
			}
		},
		{
			"from": [11, 0, 4],
			"to": [12, 2, 12],
			"faces": {
				"north": {"uv": [8, 11.5, 8.5, 12.5], "texture": "#0"},
				"east": {"uv": [0, 11.5, 4, 12.5], "texture": "#0"},
				"south": {"uv": [8.5, 11.5, 9, 12.5], "texture": "#0"},
				"west": {"uv": [11.5, 0, 15.5, 1], "texture": "#0"},
				"up": {"uv": [5, 15.5, 4.5, 11.5], "texture": "#0"},
				"down": {"uv": [5.5, 11.5, 5, 15.5], "texture": "#0"}
			}
		},
		{
			"from": [4, 0, 11],
			"to": [12, 2, 12],
			"faces": {
				"north": {"uv": [0, 10.5, 4, 11.5], "texture": "#0"},
				"east": {"uv": [6.5, 11.5, 7, 12.5], "texture": "#0"},
				"south": {"uv": [4, 10.5, 8, 11.5], "texture": "#0"},
				"west": {"uv": [11.5, 6.5, 12, 7.5], "texture": "#0"},
				"up": {"uv": [15.5, 2, 11.5, 1.5], "texture": "#0"},
				"down": {"uv": [15.5, 2, 11.5, 2.5], "texture": "#0"}
			}
		},
		{
			"from": [4.5, 2, 4.5],
			"to": [11.5, 5, 11.5],
			"faces": {
				"north": {"uv": [0, 7, 3.5, 8.5], "texture": "#0"},
				"east": {"uv": [3.5, 8, 7, 9.5], "texture": "#0"},
				"south": {"uv": [7, 8, 10.5, 9.5], "texture": "#0"},
				"west": {"uv": [0, 8.5, 3.5, 10], "texture": "#0"},
				"up": {"uv": [3.5, 3.5, 0, 0], "texture": "#0"},
				"down": {"uv": [3.5, 3.5, 0, 7], "texture": "#0"}
			}
		},
		{
			"from": [4, 2, 4.5],
			"to": [12, 6, 4.5],
			"faces": {
				"north": {"uv": [3.5, 0, 7.5, 2], "texture": "#0"},
				"east": {"uv": [0, 0, 0, 2], "texture": "#0"},
				"south": {"uv": [3.5, 2, 7.5, 4], "texture": "#0"},
				"west": {"uv": [0, 0, 0, 2], "texture": "#0"},
				"up": {"uv": [4, 0, 0, 0], "texture": "#0"},
				"down": {"uv": [4, 0, 0, 0], "texture": "#0"}
			}
		},
		{
			"from": [4.5, 2, 4],
			"to": [4.5, 6, 12],
			"faces": {
				"north": {"uv": [0, 0, 0, 2], "texture": "#0"},
				"east": {"uv": [3.5, 4, 7.5, 6], "texture": "#0"},
				"south": {"uv": [0, 0, 0, 2], "texture": "#0"},
				"west": {"uv": [3.5, 6, 7.5, 8], "texture": "#0"},
				"up": {"uv": [0, 4, 0, 0], "texture": "#0"},
				"down": {"uv": [0, 0, 0, 4], "texture": "#0"}
			}
		},
		{
			"from": [11.5, 2, 4],
			"to": [11.5, 6, 12],
			"faces": {
				"north": {"uv": [0, 0, 0, 2], "texture": "#0"},
				"east": {"uv": [7.5, 4, 11.5, 6], "texture": "#0"},
				"south": {"uv": [0, 0, 0, 2], "texture": "#0"},
				"west": {"uv": [7.5, 6, 11.5, 8], "texture": "#0"},
				"up": {"uv": [0, 4, 0, 0], "texture": "#0"},
				"down": {"uv": [0, 0, 0, 4], "texture": "#0"}
			}
		},
		{
			"from": [4, 2, 11.5],
			"to": [12, 6, 11.5],
			"faces": {
				"north": {"uv": [7.5, 0, 11.5, 2], "texture": "#0"},
				"east": {"uv": [0, 0, 0, 2], "texture": "#0"},
				"south": {"uv": [7.5, 2, 11.5, 4], "texture": "#0"},
				"west": {"uv": [0, 0, 0, 2], "texture": "#0"},
				"up": {"uv": [4, 0, 0, 0], "texture": "#0"},
				"down": {"uv": [4, 0, 0, 0], "texture": "#0"}
			}
		}
	],
	"display": {
		"thirdperson_righthand": {
			"translation": [0, 3.5, 0],
			"scale": [0.5, 0.5, 0.5]
		},
		"thirdperson_lefthand": {
			"translation": [0, 3.5, 0],
			"scale": [0.5, 0.5, 0.5]
		},
		"firstperson_righthand": {
			"translation": [0, 5, 0]
		},
		"firstperson_lefthand": {
			"translation": [0, 5, 0]
		},
		"ground": {
			"translation": [0, 4.5, 0]
		},
		"gui": {
			"rotation": [0, 10, 0],
			"translation": [0, 7.5, 0],
			"scale": [1.5, 1.5, 1.5]
		},
		"head": {
			"translation": [0, 18, 0],
			"scale": [1.8, 1.8, 1.8]
		},
		"fixed": {
			"translation": [0, 5, 0.75]
		}
	}
}