{
	"credit": "Made by Xiques_L",
	"texture_size": [32, 32],
	"textures": {
		"0": "item/hattextures/dream_mask",
		"particle": "item/hattextures/dream_mask"
	},
	"elements": [
		{
			"from": [12, 5, 1],
			"to": [13, 6, 9],
			"faces": {
				"north": {"uv": [6, 7, 6.5, 7.5], "texture": "#0"},
				"east": {"uv": [5, 1, 9, 1.5], "texture": "#0"},
				"south": {"uv": [6, 7.5, 6.5, 8], "texture": "#0"},
				"west": {"uv": [5, 1.5, 9, 2], "texture": "#0"},
				"up": {"uv": [5.5, 6, 5, 2], "texture": "#0"},
				"down": {"uv": [6, 2, 5.5, 6], "texture": "#0"}
			}
		},
		{
			"from": [3, 5, 1],
			"to": [4, 6, 9],
			"faces": {
				"north": {"uv": [4, 8, 4.5, 8.5], "texture": "#0"},
				"east": {"uv": [6, 2, 10, 2.5], "texture": "#0"},
				"south": {"uv": [4.5, 8, 5, 8.5], "texture": "#0"},
				"west": {"uv": [6, 2.5, 10, 3], "texture": "#0"},
				"up": {"uv": [6.5, 7, 6, 3], "texture": "#0"},
				"down": {"uv": [5.5, 6, 5, 10], "texture": "#0"}
			}
		},
		{
			"from": [4, 10, 0],
			"to": [12, 11, 1],
			"faces": {
				"north": {"uv": [6.5, 3, 10.5, 3.5], "texture": "#0"},
				"east": {"uv": [6, 8, 6.5, 8.5], "texture": "#0"},
				"south": {"uv": [6.5, 3.5, 10.5, 4], "texture": "#0"},
				"west": {"uv": [0, 8.5, 0.5, 9], "texture": "#0"},
				"up": {"uv": [10.5, 4.5, 6.5, 4], "texture": "#0"},
				"down": {"uv": [10.5, 4.5, 6.5, 5], "texture": "#0"}
			}
		},
		{
			"from": [4, 1, 0],
			"to": [12, 2, 1],
			"faces": {
				"north": {"uv": [7, 5, 11, 5.5], "texture": "#0"},
				"east": {"uv": [0.5, 8.5, 1, 9], "texture": "#0"},
				"south": {"uv": [7, 5.5, 11, 6], "texture": "#0"},
				"west": {"uv": [1, 8.5, 1.5, 9], "texture": "#0"},
				"up": {"uv": [11, 6.5, 7, 6], "texture": "#0"},
				"down": {"uv": [11, 6.5, 7, 7], "texture": "#0"}
			}
		},
		{
			"from": [3, 2, 0],
			"to": [13, 10, 1],
			"faces": {
				"north": {"uv": [0, 0, 5, 4], "texture": "#0"},
				"east": {"uv": [5.5, 6, 6, 10], "texture": "#0"},
				"south": {"uv": [0, 4, 5, 8], "texture": "#0"},
				"west": {"uv": [6.5, 5, 7, 9], "texture": "#0"},
				"up": {"uv": [10, 0.5, 5, 0], "texture": "#0"},
				"down": {"uv": [10, 0.5, 5, 1], "texture": "#0"}
			}
		},
		{
			"from": [4, 5, 9],
			"to": [12, 6, 10],
			"faces": {
				"north": {"uv": [7, 7, 11, 7.5], "texture": "#0"},
				"east": {"uv": [1.5, 8.5, 2, 9], "texture": "#0"},
				"south": {"uv": [7, 7.5, 11, 8], "texture": "#0"},
				"west": {"uv": [2, 8.5, 2.5, 9], "texture": "#0"},
				"up": {"uv": [4, 8.5, 0, 8], "texture": "#0"},
				"down": {"uv": [11, 8, 7, 8.5], "texture": "#0"}
			}
		}
	],
	"display": {
		"thirdperson_righthand": {
			"translation": [0, 0, 1],
			"scale": [0.5, 0.5, 0.5]
		},
		"thirdperson_lefthand": {
			"translation": [0, 0, 1],
			"scale": [0.5, 0.5, 0.5]
		},
		"ground": {
			"translation": [0, 2, 0],
			"scale": [0.8, 0.8, 0.8]
		},
		"gui": {
			"rotation": [0, -180, 0],
			"translation": [0, 1.75, 0]
		},
		"head": {
			"translation": [0, 3.25, 4.75],
			"scale": [1.6, 1.6, 1.6]
		},
		"fixed": {
			"translation": [0, 2, 4.75]
		}
	}
}