{
	"credit": "Made by Xiques_L",
	"texture_size": [128, 128],
	"textures": {
		"4": "item/hattextures/frog-hat",
		"particle": "item/hattextures/frog-hat"
	},
	"elements": [
		{
			"from": [3, 5, 3],
			"to": [13, 6, 13],
			"faces": {
				"up": {"uv": [1.246, 9.246, 0.004, 8.004], "texture": "#4"},
				"down": {"uv": [1.246, 9.254, 0.004, 10.496], "texture": "#4"}
			}
		},
		{
			"from": [12, 0, 3],
			"to": [13, 1, 13],
			"faces": {
				"west": {"uv": [3.004, 10.754, 4.246, 10.871], "texture": "#4"},
				"up": {"uv": [3.121, 12.121, 3.004, 10.879], "texture": "#4"},
				"down": {"uv": [1.621, 11.129, 1.504, 12.371], "texture": "#4"}
			}
		},
		{
			"from": [3, 0, 3],
			"to": [4, 1, 13],
			"faces": {
				"east": {"uv": [3.129, 10.879, 4.371, 10.996], "texture": "#4"},
				"up": {"uv": [1.746, 12.371, 1.629, 11.129], "texture": "#4"},
				"down": {"uv": [1.871, 11.129, 1.754, 12.371], "texture": "#4"}
			}
		},
		{
			"from": [2, 0, 2],
			"to": [3, 6, 14],
			"faces": {
				"north": {"uv": [1.879, 11.129, 1.996, 11.871], "texture": "#4"},
				"east": {"uv": [1.254, 8.004, 2.746, 8.746], "texture": "#4"},
				"south": {"uv": [2.004, 11.129, 2.121, 11.871], "texture": "#4"},
				"west": {"uv": [1.254, 8.754, 2.746, 9.496], "texture": "#4"},
				"up": {"uv": [2.871, 11.746, 2.754, 10.254], "texture": "#4"},
				"down": {"uv": [2.996, 10.254, 2.879, 11.746], "texture": "#4"}
			}
		},
		{
			"from": [13, 0, 2],
			"to": [14, 6, 14],
			"faces": {
				"north": {"uv": [2.129, 11.129, 2.246, 11.871], "texture": "#4"},
				"east": {"uv": [1.254, 9.504, 2.746, 10.246], "texture": "#4"},
				"south": {"uv": [2.254, 11.129, 2.371, 11.871], "texture": "#4"},
				"west": {"uv": [1.254, 10.254, 2.746, 10.996], "texture": "#4"},
				"up": {"uv": [1.371, 12.496, 1.254, 11.004], "texture": "#4"},
				"down": {"uv": [1.496, 11.004, 1.379, 12.496], "texture": "#4"}
			}
		},
		{
			"from": [3, 0, 2],
			"to": [13, 6, 3],
			"faces": {
				"north": {"uv": [0.004, 10.504, 1.246, 11.246], "texture": "#4"},
				"south": {"uv": [2.754, 8.004, 3.996, 8.746], "texture": "#4"},
				"up": {"uv": [4.371, 11.246, 3.129, 11.129], "texture": "#4"},
				"down": {"uv": [1.246, 11.254, 0.004, 11.371], "texture": "#4"}
			}
		},
		{
			"from": [3, 0, 13],
			"to": [13, 6, 14],
			"faces": {
				"north": {"uv": [2.754, 8.754, 3.996, 9.496], "texture": "#4"},
				"south": {"uv": [2.754, 9.504, 3.996, 10.246], "texture": "#4"},
				"up": {"uv": [4.371, 11.371, 3.129, 11.254], "texture": "#4"},
				"down": {"uv": [1.246, 11.379, 0.004, 11.496], "texture": "#4"}
			}
		},
		{
			"from": [1, 6, 8],
			"to": [6, 11, 11],
			"faces": {
				"north": {"uv": [0.004, 0.004, 2.496, 2.496], "texture": "#4"},
				"east": {"uv": [2.504, 2.504, 3.996, 4.996], "texture": "#4"},
				"south": {"uv": [0.004, 2.504, 2.496, 4.996], "texture": "#4"},
				"west": {"uv": [2.504, 0.004, 3.996, 2.496], "texture": "#4"},
				"up": {"uv": [5.496, 2.496, 4.004, 0.004], "rotation": 270, "texture": "#4"},
				"down": {"uv": [5.496, 2.504, 4.004, 4.996], "rotation": 90, "texture": "#4"}
			}
		},
		{
			"from": [10, 6, 8],
			"to": [15, 11, 11],
			"faces": {
				"north": {"uv": [8.004, 0.004, 10.496, 2.496], "texture": "#4"},
				"east": {"uv": [10.504, 2.504, 11.996, 4.996], "texture": "#4"},
				"south": {"uv": [8.004, 2.504, 10.496, 4.996], "texture": "#4"},
				"west": {"uv": [10.504, 0.004, 11.996, 2.496], "texture": "#4"},
				"up": {"uv": [13.496, 2.496, 12.004, 0.004], "rotation": 270, "texture": "#4"},
				"down": {"uv": [13.496, 2.504, 12.004, 4.996], "rotation": 90, "texture": "#4"}
			}
		}
	],
	"display": {
		"thirdperson_righthand": {
			"translation": [0, 0.5, -2.75],
			"scale": [0.5, 0.5, 0.5]
		},
		"thirdperson_lefthand": {
			"translation": [0, 0.5, -2.75],
			"scale": [0.5, 0.5, 0.5]
		},
		"ground": {
			"translation": [0, 5, 0],
			"scale": [0.8, 0.8, 0.8]
		},
		"gui": {
			"rotation": [0, -180, 0],
			"translation": [0, 2.5, 0]
		},
		"head": {
			"rotation": [10, 0, 0],
			"translation": [0, 15, 2.25],
			"scale": [1.55, 1.5, 1.3]
		},
		"fixed": {
			"translation": [0, 2.25, -1.5]
		}
	},
	"groups": [
		{
			"name": "Base",
			"origin": [0, 0, 0],
			"color": 0,
			"nbt": "{}",
			"children": [0, 1, 2, 3, 4, 5, 6]
		},
		{
			"name": "Eyes",
			"origin": [0, 0, 0],
			"color": 0,
			"nbt": "{}",
			"children": [7, 8]
		}
	]
}