{
	"credit": "Made by Xiques_L",
	"textures": {
		"0": "item/hattextures/glasses",
		"particle": "item/hattextures/glasses"
	},
	"elements": [
		{
			"from": [12, 7, 3],
			"to": [13, 8, 10],
			"faces": {
				"north": {"uv": [8, 9, 9, 10], "texture": "#0"},
				"east": {"uv": [0, 0, 7, 1], "texture": "#0"},
				"south": {"uv": [9, 9, 10, 10], "texture": "#0"},
				"west": {"uv": [0, 1, 7, 2], "texture": "#0"},
				"up": {"uv": [1, 9, 0, 2], "texture": "#0"},
				"down": {"uv": [2, 2, 1, 9], "texture": "#0"}
			}
		},
		{
			"from": [3, 7, 3],
			"to": [4, 8, 10],
			"faces": {
				"north": {"uv": [0, 10, 1, 11], "texture": "#0"},
				"east": {"uv": [2, 2, 9, 3], "texture": "#0"},
				"south": {"uv": [10, 0, 11, 1], "texture": "#0"},
				"west": {"uv": [2, 3, 9, 4], "texture": "#0"},
				"up": {"uv": [3, 11, 2, 4], "texture": "#0"},
				"down": {"uv": [4, 4, 3, 11], "texture": "#0"}
			}
		},
		{
			"from": [11, 6, 3],
			"to": [12, 8, 4],
			"faces": {
				"north": {"uv": [4, 4, 5, 6], "texture": "#0"},
				"east": {"uv": [5, 4, 6, 6], "texture": "#0"},
				"south": {"uv": [4, 6, 5, 8], "texture": "#0"},
				"west": {"uv": [6, 4, 7, 6], "texture": "#0"},
				"up": {"uv": [2, 11, 1, 10], "texture": "#0"},
				"down": {"uv": [11, 1, 10, 2], "texture": "#0"}
			}
		},
		{
			"from": [4, 6, 3],
			"to": [5, 8, 4],
			"faces": {
				"north": {"uv": [5, 6, 6, 8], "texture": "#0"},
				"east": {"uv": [6, 6, 7, 8], "texture": "#0"},
				"south": {"uv": [7, 0, 8, 2], "texture": "#0"},
				"west": {"uv": [7, 4, 8, 6], "texture": "#0"},
				"up": {"uv": [5, 11, 4, 10], "texture": "#0"},
				"down": {"uv": [11, 4, 10, 5], "texture": "#0"}
			}
		},
		{
			"from": [9, 5, 3],
			"to": [11, 6, 4],
			"faces": {
				"north": {"uv": [7, 6, 9, 7], "texture": "#0"},
				"east": {"uv": [5, 10, 6, 11], "texture": "#0"},
				"south": {"uv": [7, 7, 9, 8], "texture": "#0"},
				"west": {"uv": [10, 5, 11, 6], "texture": "#0"},
				"up": {"uv": [10, 1, 8, 0], "texture": "#0"},
				"down": {"uv": [10, 1, 8, 2], "texture": "#0"}
			}
		},
		{
			"from": [5, 5, 3],
			"to": [7, 6, 4],
			"faces": {
				"north": {"uv": [4, 8, 6, 9], "texture": "#0"},
				"east": {"uv": [6, 10, 7, 11], "texture": "#0"},
				"south": {"uv": [8, 4, 10, 5], "texture": "#0"},
				"west": {"uv": [10, 6, 11, 7], "texture": "#0"},
				"up": {"uv": [10, 6, 8, 5], "texture": "#0"},
				"down": {"uv": [8, 8, 6, 9], "texture": "#0"}
			}
		},
		{
			"from": [7, 6, 3],
			"to": [9, 7, 4],
			"faces": {
				"north": {"uv": [8, 8, 10, 9], "texture": "#0"},
				"east": {"uv": [7, 10, 8, 11], "texture": "#0"},
				"south": {"uv": [0, 9, 2, 10], "texture": "#0"},
				"west": {"uv": [10, 7, 11, 8], "texture": "#0"},
				"up": {"uv": [11, 3, 9, 2], "texture": "#0"},
				"down": {"uv": [11, 3, 9, 4], "texture": "#0"}
			}
		},
		{
			"from": [12, 6, 9],
			"to": [13, 7, 10],
			"faces": {
				"north": {"uv": [8, 10, 9, 11], "texture": "#0"},
				"east": {"uv": [10, 8, 11, 9], "texture": "#0"},
				"south": {"uv": [9, 10, 10, 11], "texture": "#0"},
				"west": {"uv": [10, 9, 11, 10], "texture": "#0"},
				"up": {"uv": [11, 11, 10, 10], "texture": "#0"},
				"down": {"uv": [1, 11, 0, 12], "texture": "#0"}
			}
		},
		{
			"from": [3, 6, 9],
			"to": [4, 7, 10],
			"faces": {
				"north": {"uv": [4, 9, 5, 10], "texture": "#0"},
				"east": {"uv": [5, 9, 6, 10], "texture": "#0"},
				"south": {"uv": [6, 9, 7, 10], "texture": "#0"},
				"west": {"uv": [9, 6, 10, 7], "texture": "#0"},
				"up": {"uv": [8, 10, 7, 9], "texture": "#0"},
				"down": {"uv": [10, 7, 9, 8], "texture": "#0"}
			}
		}
	],
	"display": {
		"thirdperson_righthand": {
			"scale": [0.5, 0.5, 0.5]
		},
		"thirdperson_lefthand": {
			"scale": [0.5, 0.5, 0.5]
		},
		"ground": {
			"scale": [0.8, 0.8, 0.8]
		},
		"gui": {
			"scale": [1.5, 1.5, 1.5]
		},
		"head": {
			"scale": [1.6, 1.6, 1.6]
		},
		"fixed": {
			"translation": [0, 0, 3]
		}
	}
}