{
	"credit": "Made by Xiques_L",
	"texture_size": [32, 32],
	"textures": {
		"0": "item/keybword",
		"particle": "item/keybword"
	},
	"elements": [
		{
			"name": "base",
			"from": [0.3686, -0.016, 5.9302],
			"to": [15.6314, 0.616, 10.0698],
			"rotation": {"angle": 0, "axis": "y", "origin": [4.7194, 2.944, 3.0546]},
			"faces": {
				"north": {"uv": [0.016, 4.016, 7.484, 4.484], "texture": "#0"},
				"east": {"uv": [2.516, 5.516, 4.484, 5.984], "texture": "#0"},
				"south": {"uv": [0.016, 4.516, 7.484, 4.984], "texture": "#0"},
				"west": {"uv": [4.516, 5.516, 6.484, 5.984], "texture": "#0"},
				"up": {"uv": [7.484, 1.984, 0.016, 0.016], "texture": "#0"},
				"down": {"uv": [7.484, 2.016, 0.016, 3.984], "texture": "#0"}
			}
		},
		{
			"from": [14.9362, 0.616, 9.3746],
			"to": [15.5682, 0.932, 10.0066],
			"rotation": {"angle": 0, "axis": "y", "origin": [4.7194, 2.944, 3.0546]},
			"faces": {
				"north": {"uv": [4.016, 6.016, 4.484, 6.484], "texture": "#0"},
				"east": {"uv": [4.516, 6.016, 4.984, 6.484], "texture": "#0"},
				"south": {"uv": [5.016, 6.016, 5.484, 6.484], "texture": "#0"},
				"west": {"uv": [5.516, 6.016, 5.984, 6.484], "texture": "#0"},
				"up": {"uv": [6.484, 6.484, 6.016, 6.016], "texture": "#0"}
			}
		},
		{
			"from": [14.9362, 0.616, 8.711],
			"to": [15.5682, 0.932, 9.343],
			"rotation": {"angle": 0, "axis": "y", "origin": [4.7194, 2.944, 3.0546]},
			"faces": {
				"north": {"uv": [0.516, 6.516, 0.984, 6.984], "texture": "#0"},
				"east": {"uv": [1.016, 6.516, 1.484, 6.984], "texture": "#0"},
				"south": {"uv": [1.516, 6.516, 1.984, 6.984], "texture": "#0"},
				"west": {"uv": [2.016, 6.516, 2.484, 6.984], "texture": "#0"},
				"up": {"uv": [2.984, 6.984, 2.516, 6.516], "texture": "#0"}
			}
		},
		{
			"from": [14.241, 0.616, 8.711],
			"to": [14.873, 0.932, 9.343],
			"rotation": {"angle": 0, "axis": "y", "origin": [4.7194, 2.944, 3.0546]},
			"faces": {
				"north": {"uv": [3.516, 6.516, 3.984, 6.984], "texture": "#0"},
				"east": {"uv": [4.016, 6.516, 4.484, 6.984], "texture": "#0"},
				"south": {"uv": [4.516, 6.516, 4.984, 6.984], "texture": "#0"},
				"west": {"uv": [5.016, 6.516, 5.484, 6.984], "texture": "#0"},
				"up": {"uv": [5.984, 6.984, 5.516, 6.516], "texture": "#0"}
			}
		},
		{
			"from": [13.5458, 0.616, 8.711],
			"to": [14.1778, 0.932, 9.343],
			"rotation": {"angle": 0, "axis": "y", "origin": [4.7194, 2.944, 3.0546]},
			"faces": {
				"north": {"uv": [6.016, 6.516, 6.484, 6.984], "texture": "#0"},
				"east": {"uv": [6.516, 6.016, 6.984, 6.484], "texture": "#0"},
				"south": {"uv": [6.516, 6.516, 6.984, 6.984], "texture": "#0"},
				"west": {"uv": [0.016, 7.016, 0.484, 7.484], "texture": "#0"},
				"up": {"uv": [0.984, 7.484, 0.516, 7.016], "texture": "#0"}
			}
		},
		{
			"from": [12.8506, 0.616, 8.711],
			"to": [13.4826, 0.932, 9.343],
			"rotation": {"angle": 0, "axis": "y", "origin": [4.7194, 2.944, 3.0546]},
			"faces": {
				"north": {"uv": [1.516, 7.016, 1.984, 7.484], "texture": "#0"},
				"east": {"uv": [2.016, 7.016, 2.484, 7.484], "texture": "#0"},
				"south": {"uv": [2.516, 7.016, 2.984, 7.484], "texture": "#0"},
				"west": {"uv": [3.016, 7.016, 3.484, 7.484], "texture": "#0"},
				"up": {"uv": [3.984, 7.484, 3.516, 7.016], "texture": "#0"}
			}
		},
		{
			"from": [12.1554, 0.616, 8.711],
			"to": [12.7874, 0.932, 9.343],
			"rotation": {"angle": 0, "axis": "y", "origin": [4.7194, 2.944, 3.0546]},
			"faces": {
				"north": {"uv": [4.516, 7.016, 4.984, 7.484], "texture": "#0"},
				"east": {"uv": [5.016, 7.016, 5.484, 7.484], "texture": "#0"},
				"south": {"uv": [5.516, 7.016, 5.984, 7.484], "texture": "#0"},
				"west": {"uv": [7.016, 5.516, 7.484, 5.984], "texture": "#0"},
				"up": {"uv": [6.484, 7.484, 6.016, 7.016], "texture": "#0"}
			}
		},
		{
			"from": [11.4602, 0.616, 8.711],
			"to": [12.0922, 0.932, 9.343],
			"rotation": {"angle": 0, "axis": "y", "origin": [4.7194, 2.944, 3.0546]},
			"faces": {
				"north": {"uv": [6.516, 7.016, 6.984, 7.484], "texture": "#0"},
				"east": {"uv": [7.016, 6.516, 7.484, 6.984], "texture": "#0"},
				"south": {"uv": [7.016, 7.016, 7.484, 7.484], "texture": "#0"},
				"west": {"uv": [0.016, 7.516, 0.484, 7.984], "texture": "#0"},
				"up": {"uv": [7.984, 0.484, 7.516, 0.016], "texture": "#0"}
			}
		},
		{
			"from": [10.765, 0.616, 8.711],
			"to": [11.397, 0.932, 9.343],
			"rotation": {"angle": 0, "axis": "y", "origin": [4.7194, 2.944, 3.0546]},
			"faces": {
				"north": {"uv": [7.516, 0.516, 7.984, 0.984], "texture": "#0"},
				"east": {"uv": [1.016, 7.516, 1.484, 7.984], "texture": "#0"},
				"south": {"uv": [7.516, 1.016, 7.984, 1.484], "texture": "#0"},
				"west": {"uv": [1.516, 7.516, 1.984, 7.984], "texture": "#0"},
				"up": {"uv": [7.984, 1.984, 7.516, 1.516], "texture": "#0"}
			}
		},
		{
			"from": [10.0698, 0.616, 8.711],
			"to": [10.7018, 0.932, 9.343],
			"rotation": {"angle": 0, "axis": "y", "origin": [4.7194, 2.944, 3.0546]},
			"faces": {
				"north": {"uv": [7.516, 2.016, 7.984, 2.484], "texture": "#0"},
				"east": {"uv": [2.516, 7.516, 2.984, 7.984], "texture": "#0"},
				"south": {"uv": [7.516, 2.516, 7.984, 2.984], "texture": "#0"},
				"west": {"uv": [3.016, 7.516, 3.484, 7.984], "texture": "#0"},
				"up": {"uv": [7.984, 3.484, 7.516, 3.016], "texture": "#0"}
			}
		},
		{
			"from": [9.3746, 0.616, 8.711],
			"to": [10.0066, 0.932, 9.343],
			"rotation": {"angle": 0, "axis": "y", "origin": [4.7194, 2.944, 3.0546]},
			"faces": {
				"north": {"uv": [7.516, 3.516, 7.984, 3.984], "texture": "#0"},
				"east": {"uv": [4.016, 7.516, 4.484, 7.984], "texture": "#0"},
				"south": {"uv": [7.516, 4.016, 7.984, 4.484], "texture": "#0"},
				"west": {"uv": [4.516, 7.516, 4.984, 7.984], "texture": "#0"},
				"up": {"uv": [7.984, 4.984, 7.516, 4.516], "texture": "#0"}
			}
		},
		{
			"from": [8.6794, 0.616, 8.711],
			"to": [9.3114, 0.932, 9.343],
			"rotation": {"angle": 0, "axis": "y", "origin": [4.7194, 2.944, 3.0546]},
			"faces": {
				"north": {"uv": [7.516, 5.016, 7.984, 5.484], "texture": "#0"},
				"east": {"uv": [5.516, 7.516, 5.984, 7.984], "texture": "#0"},
				"south": {"uv": [7.516, 5.516, 7.984, 5.984], "texture": "#0"},
				"west": {"uv": [6.016, 7.516, 6.484, 7.984], "texture": "#0"},
				"up": {"uv": [7.984, 6.484, 7.516, 6.016], "texture": "#0"}
			}
		},
		{
			"from": [7.9842, 0.616, 8.711],
			"to": [8.6162, 0.932, 9.343],
			"rotation": {"angle": 0, "axis": "y", "origin": [4.7194, 2.944, 3.0546]},
			"faces": {
				"north": {"uv": [7.516, 6.516, 7.984, 6.984], "texture": "#0"},
				"east": {"uv": [7.016, 7.516, 7.484, 7.984], "texture": "#0"},
				"south": {"uv": [7.516, 7.016, 7.984, 7.484], "texture": "#0"},
				"west": {"uv": [7.516, 7.516, 7.984, 7.984], "texture": "#0"},
				"up": {"uv": [0.484, 8.484, 0.016, 8.016], "texture": "#0"}
			}
		},
		{
			"from": [7.289, 0.616, 8.711],
			"to": [7.921, 0.932, 9.343],
			"rotation": {"angle": 0, "axis": "y", "origin": [4.7194, 2.944, 3.0546]},
			"faces": {
				"north": {"uv": [0.516, 8.016, 0.984, 8.484], "texture": "#0"},
				"east": {"uv": [8.016, 0.516, 8.484, 0.984], "texture": "#0"},
				"south": {"uv": [1.016, 8.016, 1.484, 8.484], "texture": "#0"},
				"west": {"uv": [8.016, 1.016, 8.484, 1.484], "texture": "#0"},
				"up": {"uv": [1.984, 8.484, 1.516, 8.016], "texture": "#0"}
			}
		},
		{
			"from": [6.5938, 0.616, 8.711],
			"to": [7.2258, 0.932, 9.343],
			"rotation": {"angle": 0, "axis": "y", "origin": [4.7194, 2.944, 3.0546]},
			"faces": {
				"north": {"uv": [2.016, 8.016, 2.484, 8.484], "texture": "#0"},
				"east": {"uv": [8.016, 2.016, 8.484, 2.484], "texture": "#0"},
				"south": {"uv": [2.516, 8.016, 2.984, 8.484], "texture": "#0"},
				"west": {"uv": [8.016, 2.516, 8.484, 2.984], "texture": "#0"},
				"up": {"uv": [3.484, 8.484, 3.016, 8.016], "texture": "#0"}
			}
		},
		{
			"from": [4.6662, 0.616, 8.711],
			"to": [5.2982, 0.932, 9.343],
			"rotation": {"angle": 0, "axis": "y", "origin": [4.7194, 2.944, 3.0546]},
			"faces": {
				"north": {"uv": [3.516, 8.016, 3.984, 8.484], "texture": "#0"},
				"east": {"uv": [8.016, 3.516, 8.484, 3.984], "texture": "#0"},
				"south": {"uv": [4.016, 8.016, 4.484, 8.484], "texture": "#0"},
				"west": {"uv": [8.016, 4.016, 8.484, 4.484], "texture": "#0"},
				"up": {"uv": [4.984, 8.484, 4.516, 8.016], "texture": "#0"}
			}
		},
		{
			"from": [3.971, 0.616, 8.711],
			"to": [4.603, 0.932, 9.343],
			"rotation": {"angle": 0, "axis": "y", "origin": [4.7194, 2.944, 3.0546]},
			"faces": {
				"north": {"uv": [5.016, 8.016, 5.484, 8.484], "texture": "#0"},
				"east": {"uv": [8.016, 5.016, 8.484, 5.484], "texture": "#0"},
				"south": {"uv": [5.516, 8.016, 5.984, 8.484], "texture": "#0"},
				"west": {"uv": [8.016, 5.516, 8.484, 5.984], "texture": "#0"},
				"up": {"uv": [6.484, 8.484, 6.016, 8.016], "texture": "#0"}
			}
		},
		{
			"from": [3.2758, 0.616, 8.711],
			"to": [3.9078, 0.932, 9.343],
			"rotation": {"angle": 0, "axis": "y", "origin": [4.7194, 2.944, 3.0546]},
			"faces": {
				"north": {"uv": [6.516, 8.016, 6.984, 8.484], "texture": "#0"},
				"east": {"uv": [8.016, 6.516, 8.484, 6.984], "texture": "#0"},
				"south": {"uv": [7.016, 8.016, 7.484, 8.484], "texture": "#0"},
				"west": {"uv": [8.016, 7.016, 8.484, 7.484], "texture": "#0"},
				"up": {"uv": [7.984, 8.484, 7.516, 8.016], "texture": "#0"}
			}
		},
		{
			"from": [13.925, 0.616, 5.9934],
			"to": [14.557, 0.932, 6.6254],
			"rotation": {"angle": 0, "axis": "y", "origin": [4.7194, 2.944, 3.0546]},
			"faces": {
				"north": {"uv": [8.016, 8.016, 8.484, 8.484], "texture": "#0"},
				"east": {"uv": [0.016, 8.516, 0.484, 8.984], "texture": "#0"},
				"south": {"uv": [8.516, 0.016, 8.984, 0.484], "texture": "#0"},
				"west": {"uv": [0.516, 8.516, 0.984, 8.984], "texture": "#0"},
				"up": {"uv": [8.984, 0.984, 8.516, 0.516], "texture": "#0"}
			}
		},
		{
			"from": [6.499, 0.616, 5.9934],
			"to": [7.131, 0.932, 6.6254],
			"rotation": {"angle": 0, "axis": "y", "origin": [4.7194, 2.944, 3.0546]},
			"faces": {
				"north": {"uv": [8.516, 1.016, 8.984, 1.484], "texture": "#0"},
				"east": {"uv": [1.516, 8.516, 1.984, 8.984], "texture": "#0"},
				"south": {"uv": [8.516, 1.516, 8.984, 1.984], "texture": "#0"},
				"west": {"uv": [2.016, 8.516, 2.484, 8.984], "texture": "#0"},
				"up": {"uv": [8.984, 2.484, 8.516, 2.016], "texture": "#0"}
			}
		},
		{
			"from": [8.0474, 0.616, 5.9934],
			"to": [12.977, 0.932, 6.6254],
			"rotation": {"angle": 0, "axis": "y", "origin": [4.7194, 2.944, 3.0546]},
			"faces": {
				"north": {"uv": [0.016, 5.016, 2.484, 5.484], "texture": "#0"},
				"east": {"uv": [8.516, 2.516, 8.984, 2.984], "texture": "#0"},
				"south": {"uv": [2.516, 5.016, 4.984, 5.484], "texture": "#0"},
				"west": {"uv": [3.016, 8.516, 3.484, 8.984], "texture": "#0"},
				"up": {"uv": [7.484, 5.484, 5.016, 5.016], "texture": "#0"}
			}
		},
		{
			"from": [13.0402, 0.616, 5.9934],
			"to": [13.8618, 0.932, 6.6254],
			"rotation": {"angle": 0, "axis": "y", "origin": [4.7194, 2.944, 3.0546]},
			"faces": {
				"north": {"uv": [8.516, 3.016, 8.984, 3.484], "texture": "#0"},
				"east": {"uv": [3.516, 8.516, 3.984, 8.984], "texture": "#0"},
				"south": {"uv": [8.516, 3.516, 8.984, 3.984], "texture": "#0"},
				"west": {"uv": [4.016, 8.516, 4.484, 8.984], "texture": "#0"},
				"up": {"uv": [8.984, 4.484, 8.516, 4.016], "texture": "#0"}
			}
		},
		{
			"from": [7.1626, 0.616, 5.9934],
			"to": [7.9842, 0.932, 6.6254],
			"rotation": {"angle": 0, "axis": "y", "origin": [4.7194, 2.944, 3.0546]},
			"faces": {
				"north": {"uv": [8.516, 4.516, 8.984, 4.984], "texture": "#0"},
				"east": {"uv": [5.016, 8.516, 5.484, 8.984], "texture": "#0"},
				"south": {"uv": [8.516, 5.016, 8.984, 5.484], "texture": "#0"},
				"west": {"uv": [5.516, 8.516, 5.984, 8.984], "texture": "#0"},
				"up": {"uv": [8.984, 5.984, 8.516, 5.516], "texture": "#0"}
			}
		},
		{
			"from": [14.6202, 0.616, 8.0474],
			"to": [15.5682, 0.932, 8.6794],
			"rotation": {"angle": 0, "axis": "y", "origin": [4.7194, 2.944, 3.0546]},
			"faces": {
				"north": {"uv": [8.516, 6.016, 8.984, 6.484], "texture": "#0"},
				"east": {"uv": [6.516, 8.516, 6.984, 8.984], "texture": "#0"},
				"south": {"uv": [8.516, 6.516, 8.984, 6.984], "texture": "#0"},
				"west": {"uv": [7.016, 8.516, 7.484, 8.984], "texture": "#0"},
				"up": {"uv": [8.984, 7.484, 8.516, 7.016], "texture": "#0"}
			}
		},
		{
			"from": [5.4878, 0.616, 8.0474],
			"to": [6.2462, 0.932, 8.6794],
			"rotation": {"angle": 0, "axis": "y", "origin": [4.7194, 2.944, 3.0546]},
			"faces": {
				"north": {"uv": [8.516, 7.516, 8.984, 7.984], "texture": "#0"},
				"east": {"uv": [8.016, 8.516, 8.484, 8.984], "texture": "#0"},
				"south": {"uv": [8.516, 8.016, 8.984, 8.484], "texture": "#0"},
				"west": {"uv": [8.516, 8.516, 8.984, 8.984], "texture": "#0"},
				"up": {"uv": [0.484, 9.484, 0.016, 9.016], "texture": "#0"}
			}
		},
		{
			"from": [13.925, 0.616, 8.0474],
			"to": [14.557, 0.932, 8.6794],
			"rotation": {"angle": 0, "axis": "y", "origin": [4.7194, 2.944, 3.0546]},
			"faces": {
				"north": {"uv": [0.516, 9.016, 0.984, 9.484], "texture": "#0"},
				"east": {"uv": [9.016, 0.516, 9.484, 0.984], "texture": "#0"},
				"south": {"uv": [1.016, 9.016, 1.484, 9.484], "texture": "#0"},
				"west": {"uv": [9.016, 1.016, 9.484, 1.484], "texture": "#0"},
				"up": {"uv": [1.984, 9.484, 1.516, 9.016], "texture": "#0"}
			}
		},
		{
			"from": [13.8618, 0.616, 7.3838],
			"to": [14.4938, 0.932, 8.0158],
			"rotation": {"angle": 0, "axis": "y", "origin": [4.7194, 2.944, 3.0546]},
			"faces": {
				"north": {"uv": [2.016, 9.016, 2.484, 9.484], "texture": "#0"},
				"east": {"uv": [9.016, 2.016, 9.484, 2.484], "texture": "#0"},
				"south": {"uv": [2.516, 9.016, 2.984, 9.484], "texture": "#0"},
				"west": {"uv": [9.016, 2.516, 9.484, 2.984], "texture": "#0"},
				"up": {"uv": [3.484, 9.484, 3.016, 9.016], "texture": "#0"}
			}
		},
		{
			"from": [13.4194, 0.616, 6.6886],
			"to": [14.0514, 0.932, 7.3206],
			"rotation": {"angle": 0, "axis": "y", "origin": [4.7194, 2.944, 3.0546]},
			"faces": {
				"north": {"uv": [3.516, 9.016, 3.984, 9.484], "texture": "#0"},
				"east": {"uv": [9.016, 3.516, 9.484, 3.984], "texture": "#0"},
				"south": {"uv": [4.016, 9.016, 4.484, 9.484], "texture": "#0"},
				"west": {"uv": [9.016, 4.016, 9.484, 4.484], "texture": "#0"},
				"up": {"uv": [4.984, 9.484, 4.516, 9.016], "texture": "#0"}
			}
		},
		{
			"from": [12.7558, 0.616, 6.6886],
			"to": [13.3878, 0.932, 7.3206],
			"rotation": {"angle": 0, "axis": "y", "origin": [4.7194, 2.944, 3.0546]},
			"faces": {
				"north": {"uv": [5.016, 9.016, 5.484, 9.484], "texture": "#0"},
				"east": {"uv": [9.016, 5.016, 9.484, 5.484], "texture": "#0"},
				"south": {"uv": [5.516, 9.016, 5.984, 9.484], "texture": "#0"},
				"west": {"uv": [9.016, 5.516, 9.484, 5.984], "texture": "#0"},
				"up": {"uv": [6.484, 9.484, 6.016, 9.016], "texture": "#0"}
			}
		},
		{
			"from": [12.0606, 0.616, 6.6886],
			"to": [12.6926, 0.932, 7.3206],
			"rotation": {"angle": 0, "axis": "y", "origin": [4.7194, 2.944, 3.0546]},
			"faces": {
				"north": {"uv": [6.516, 9.016, 6.984, 9.484], "texture": "#0"},
				"east": {"uv": [9.016, 6.516, 9.484, 6.984], "texture": "#0"},
				"south": {"uv": [7.016, 9.016, 7.484, 9.484], "texture": "#0"},
				"west": {"uv": [9.016, 7.016, 9.484, 7.484], "texture": "#0"},
				"up": {"uv": [7.984, 9.484, 7.516, 9.016], "texture": "#0"}
			}
		},
		{
			"from": [11.3654, 0.616, 6.6886],
			"to": [11.9974, 0.932, 7.3206],
			"rotation": {"angle": 0, "axis": "y", "origin": [4.7194, 2.944, 3.0546]},
			"faces": {
				"north": {"uv": [8.016, 9.016, 8.484, 9.484], "texture": "#0"},
				"east": {"uv": [9.016, 8.016, 9.484, 8.484], "texture": "#0"},
				"south": {"uv": [8.516, 9.016, 8.984, 9.484], "texture": "#0"},
				"west": {"uv": [9.016, 8.516, 9.484, 8.984], "texture": "#0"},
				"up": {"uv": [9.484, 9.484, 9.016, 9.016], "texture": "#0"}
			}
		},
		{
			"from": [10.6702, 0.616, 6.6886],
			"to": [11.3022, 0.932, 7.3206],
			"rotation": {"angle": 0, "axis": "y", "origin": [4.7194, 2.944, 3.0546]},
			"faces": {
				"north": {"uv": [9.516, 0.016, 9.984, 0.484], "texture": "#0"},
				"east": {"uv": [0.516, 9.516, 0.984, 9.984], "texture": "#0"},
				"south": {"uv": [9.516, 0.516, 9.984, 0.984], "texture": "#0"},
				"west": {"uv": [1.016, 9.516, 1.484, 9.984], "texture": "#0"},
				"up": {"uv": [9.984, 1.484, 9.516, 1.016], "texture": "#0"}
			}
		},
		{
			"from": [9.975, 0.616, 6.6886],
			"to": [10.607, 0.932, 7.3206],
			"rotation": {"angle": 0, "axis": "y", "origin": [4.7194, 2.944, 3.0546]},
			"faces": {
				"north": {"uv": [9.516, 1.516, 9.984, 1.984], "texture": "#0"},
				"east": {"uv": [2.016, 9.516, 2.484, 9.984], "texture": "#0"},
				"south": {"uv": [9.516, 2.016, 9.984, 2.484], "texture": "#0"},
				"west": {"uv": [2.516, 9.516, 2.984, 9.984], "texture": "#0"},
				"up": {"uv": [9.984, 2.984, 9.516, 2.516], "texture": "#0"}
			}
		},
		{
			"from": [9.2798, 0.616, 6.6886],
			"to": [9.9118, 0.932, 7.3206],
			"rotation": {"angle": 0, "axis": "y", "origin": [4.7194, 2.944, 3.0546]},
			"faces": {
				"north": {"uv": [9.516, 3.016, 9.984, 3.484], "texture": "#0"},
				"east": {"uv": [3.516, 9.516, 3.984, 9.984], "texture": "#0"},
				"south": {"uv": [9.516, 3.516, 9.984, 3.984], "texture": "#0"},
				"west": {"uv": [4.016, 9.516, 4.484, 9.984], "texture": "#0"},
				"up": {"uv": [9.984, 4.484, 9.516, 4.016], "texture": "#0"}
			}
		},
		{
			"from": [8.5846, 0.616, 6.6886],
			"to": [9.2166, 0.932, 7.3206],
			"rotation": {"angle": 0, "axis": "y", "origin": [4.7194, 2.944, 3.0546]},
			"faces": {
				"north": {"uv": [9.516, 4.516, 9.984, 4.984], "texture": "#0"},
				"east": {"uv": [5.016, 9.516, 5.484, 9.984], "texture": "#0"},
				"south": {"uv": [9.516, 5.016, 9.984, 5.484], "texture": "#0"},
				"west": {"uv": [5.516, 9.516, 5.984, 9.984], "texture": "#0"},
				"up": {"uv": [9.984, 5.984, 9.516, 5.516], "texture": "#0"}
			}
		},
		{
			"from": [7.8894, 0.616, 6.6886],
			"to": [8.5214, 0.932, 7.3206],
			"rotation": {"angle": 0, "axis": "y", "origin": [4.7194, 2.944, 3.0546]},
			"faces": {
				"north": {"uv": [9.516, 6.016, 9.984, 6.484], "texture": "#0"},
				"east": {"uv": [6.516, 9.516, 6.984, 9.984], "texture": "#0"},
				"south": {"uv": [9.516, 6.516, 9.984, 6.984], "texture": "#0"},
				"west": {"uv": [7.016, 9.516, 7.484, 9.984], "texture": "#0"},
				"up": {"uv": [9.984, 7.484, 9.516, 7.016], "texture": "#0"}
			}
		},
		{
			"from": [7.1942, 0.616, 6.6886],
			"to": [7.8262, 0.932, 7.3206],
			"rotation": {"angle": 0, "axis": "y", "origin": [4.7194, 2.944, 3.0546]},
			"faces": {
				"north": {"uv": [9.516, 7.516, 9.984, 7.984], "texture": "#0"},
				"east": {"uv": [8.016, 9.516, 8.484, 9.984], "texture": "#0"},
				"south": {"uv": [9.516, 8.016, 9.984, 8.484], "texture": "#0"},
				"west": {"uv": [8.516, 9.516, 8.984, 9.984], "texture": "#0"},
				"up": {"uv": [9.984, 8.984, 9.516, 8.516], "texture": "#0"}
			}
		},
		{
			"from": [13.1666, 0.616, 7.3838],
			"to": [13.7986, 0.932, 8.0158],
			"rotation": {"angle": 0, "axis": "y", "origin": [4.7194, 2.944, 3.0546]},
			"faces": {
				"north": {"uv": [9.516, 9.016, 9.984, 9.484], "texture": "#0"},
				"east": {"uv": [9.516, 9.516, 9.984, 9.984], "texture": "#0"},
				"south": {"uv": [0.016, 10.016, 0.484, 10.484], "texture": "#0"},
				"west": {"uv": [10.016, 0.016, 10.484, 0.484], "texture": "#0"},
				"up": {"uv": [0.984, 10.484, 0.516, 10.016], "texture": "#0"}
			}
		},
		{
			"from": [12.4714, 0.616, 7.3838],
			"to": [13.1034, 0.932, 8.0158],
			"rotation": {"angle": 0, "axis": "y", "origin": [4.7194, 2.944, 3.0546]},
			"faces": {
				"north": {"uv": [1.016, 10.016, 1.484, 10.484], "texture": "#0"},
				"east": {"uv": [10.016, 1.016, 10.484, 1.484], "texture": "#0"},
				"south": {"uv": [1.516, 10.016, 1.984, 10.484], "texture": "#0"},
				"west": {"uv": [10.016, 1.516, 10.484, 1.984], "texture": "#0"},
				"up": {"uv": [2.484, 10.484, 2.016, 10.016], "texture": "#0"}
			}
		},
		{
			"from": [11.7762, 0.616, 7.3838],
			"to": [12.4082, 0.932, 8.0158],
			"rotation": {"angle": 0, "axis": "y", "origin": [4.7194, 2.944, 3.0546]},
			"faces": {
				"north": {"uv": [2.516, 10.016, 2.984, 10.484], "texture": "#0"},
				"east": {"uv": [10.016, 2.516, 10.484, 2.984], "texture": "#0"},
				"south": {"uv": [3.016, 10.016, 3.484, 10.484], "texture": "#0"},
				"west": {"uv": [10.016, 3.016, 10.484, 3.484], "texture": "#0"},
				"up": {"uv": [3.984, 10.484, 3.516, 10.016], "texture": "#0"}
			}
		},
		{
			"from": [11.081, 0.616, 7.3838],
			"to": [11.713, 0.932, 8.0158],
			"rotation": {"angle": 0, "axis": "y", "origin": [4.7194, 2.944, 3.0546]},
			"faces": {
				"north": {"uv": [4.016, 10.016, 4.484, 10.484], "texture": "#0"},
				"east": {"uv": [10.016, 4.016, 10.484, 4.484], "texture": "#0"},
				"south": {"uv": [4.516, 10.016, 4.984, 10.484], "texture": "#0"},
				"west": {"uv": [10.016, 4.516, 10.484, 4.984], "texture": "#0"},
				"up": {"uv": [5.484, 10.484, 5.016, 10.016], "texture": "#0"}
			}
		},
		{
			"from": [10.3858, 0.616, 7.3838],
			"to": [11.0178, 0.932, 8.0158],
			"rotation": {"angle": 0, "axis": "y", "origin": [4.7194, 2.944, 3.0546]},
			"faces": {
				"north": {"uv": [5.516, 10.016, 5.984, 10.484], "texture": "#0"},
				"east": {"uv": [10.016, 5.516, 10.484, 5.984], "texture": "#0"},
				"south": {"uv": [6.016, 10.016, 6.484, 10.484], "texture": "#0"},
				"west": {"uv": [10.016, 6.016, 10.484, 6.484], "texture": "#0"},
				"up": {"uv": [6.984, 10.484, 6.516, 10.016], "texture": "#0"}
			}
		},
		{
			"from": [9.6906, 0.616, 7.3838],
			"to": [10.3226, 0.932, 8.0158],
			"rotation": {"angle": 0, "axis": "y", "origin": [4.7194, 2.944, 3.0546]},
			"faces": {
				"north": {"uv": [7.016, 10.016, 7.484, 10.484], "texture": "#0"},
				"east": {"uv": [10.016, 7.016, 10.484, 7.484], "texture": "#0"},
				"south": {"uv": [7.516, 10.016, 7.984, 10.484], "texture": "#0"},
				"west": {"uv": [10.016, 7.516, 10.484, 7.984], "texture": "#0"},
				"up": {"uv": [8.484, 10.484, 8.016, 10.016], "texture": "#0"}
			}
		},
		{
			"from": [8.9954, 0.616, 7.3838],
			"to": [9.6274, 0.932, 8.0158],
			"rotation": {"angle": 0, "axis": "y", "origin": [4.7194, 2.944, 3.0546]},
			"faces": {
				"north": {"uv": [8.516, 10.016, 8.984, 10.484], "texture": "#0"},
				"east": {"uv": [10.016, 8.516, 10.484, 8.984], "texture": "#0"},
				"south": {"uv": [9.016, 10.016, 9.484, 10.484], "texture": "#0"},
				"west": {"uv": [10.016, 9.016, 10.484, 9.484], "texture": "#0"},
				"up": {"uv": [9.984, 10.484, 9.516, 10.016], "texture": "#0"}
			}
		},
		{
			"from": [8.3002, 0.616, 7.3838],
			"to": [8.9322, 0.932, 8.0158],
			"rotation": {"angle": 0, "axis": "y", "origin": [4.7194, 2.944, 3.0546]},
			"faces": {
				"north": {"uv": [10.016, 10.016, 10.484, 10.484], "texture": "#0"},
				"east": {"uv": [0.016, 10.516, 0.484, 10.984], "texture": "#0"},
				"south": {"uv": [10.516, 0.016, 10.984, 0.484], "texture": "#0"},
				"west": {"uv": [0.516, 10.516, 0.984, 10.984], "texture": "#0"},
				"up": {"uv": [10.984, 0.984, 10.516, 0.516], "texture": "#0"}
			}
		},
		{
			"from": [7.605, 0.616, 7.3838],
			"to": [8.237, 0.932, 8.0158],
			"rotation": {"angle": 0, "axis": "y", "origin": [4.7194, 2.944, 3.0546]},
			"faces": {
				"north": {"uv": [10.516, 1.016, 10.984, 1.484], "texture": "#0"},
				"east": {"uv": [1.516, 10.516, 1.984, 10.984], "texture": "#0"},
				"south": {"uv": [10.516, 1.516, 10.984, 1.984], "texture": "#0"},
				"west": {"uv": [2.016, 10.516, 2.484, 10.984], "texture": "#0"},
				"up": {"uv": [10.984, 2.484, 10.516, 2.016], "texture": "#0"}
			}
		},
		{
			"from": [6.9098, 0.616, 7.3838],
			"to": [7.5418, 0.932, 8.0158],
			"rotation": {"angle": 0, "axis": "y", "origin": [4.7194, 2.944, 3.0546]},
			"faces": {
				"north": {"uv": [10.516, 2.516, 10.984, 2.984], "texture": "#0"},
				"east": {"uv": [3.016, 10.516, 3.484, 10.984], "texture": "#0"},
				"south": {"uv": [10.516, 3.016, 10.984, 3.484], "texture": "#0"},
				"west": {"uv": [3.516, 10.516, 3.984, 10.984], "texture": "#0"},
				"up": {"uv": [10.984, 3.984, 10.516, 3.516], "texture": "#0"}
			}
		},
		{
			"from": [13.2298, 0.616, 8.0474],
			"to": [13.8618, 0.932, 8.6794],
			"rotation": {"angle": 0, "axis": "y", "origin": [4.7194, 2.944, 3.0546]},
			"faces": {
				"north": {"uv": [10.516, 4.016, 10.984, 4.484], "texture": "#0"},
				"east": {"uv": [4.516, 10.516, 4.984, 10.984], "texture": "#0"},
				"south": {"uv": [10.516, 4.516, 10.984, 4.984], "texture": "#0"},
				"west": {"uv": [5.016, 10.516, 5.484, 10.984], "texture": "#0"},
				"up": {"uv": [10.984, 5.484, 10.516, 5.016], "texture": "#0"}
			}
		},
		{
			"from": [12.5346, 0.616, 8.0474],
			"to": [13.1666, 0.932, 8.6794],
			"rotation": {"angle": 0, "axis": "y", "origin": [4.7194, 2.944, 3.0546]},
			"faces": {
				"north": {"uv": [10.516, 5.516, 10.984, 5.984], "texture": "#0"},
				"east": {"uv": [6.016, 10.516, 6.484, 10.984], "texture": "#0"},
				"south": {"uv": [10.516, 6.016, 10.984, 6.484], "texture": "#0"},
				"west": {"uv": [6.516, 10.516, 6.984, 10.984], "texture": "#0"},
				"up": {"uv": [10.984, 6.984, 10.516, 6.516], "texture": "#0"}
			}
		},
		{
			"from": [11.8394, 0.616, 8.0474],
			"to": [12.4714, 0.932, 8.6794],
			"rotation": {"angle": 0, "axis": "y", "origin": [4.7194, 2.944, 3.0546]},
			"faces": {
				"north": {"uv": [10.516, 7.016, 10.984, 7.484], "texture": "#0"},
				"east": {"uv": [7.516, 10.516, 7.984, 10.984], "texture": "#0"},
				"south": {"uv": [10.516, 7.516, 10.984, 7.984], "texture": "#0"},
				"west": {"uv": [8.016, 10.516, 8.484, 10.984], "texture": "#0"},
				"up": {"uv": [10.984, 8.484, 10.516, 8.016], "texture": "#0"}
			}
		},
		{
			"from": [11.1442, 0.616, 8.0474],
			"to": [11.7762, 0.932, 8.6794],
			"rotation": {"angle": 0, "axis": "y", "origin": [4.7194, 2.944, 3.0546]},
			"faces": {
				"north": {"uv": [10.516, 8.516, 10.984, 8.984], "texture": "#0"},
				"east": {"uv": [9.016, 10.516, 9.484, 10.984], "texture": "#0"},
				"south": {"uv": [10.516, 9.016, 10.984, 9.484], "texture": "#0"},
				"west": {"uv": [9.516, 10.516, 9.984, 10.984], "texture": "#0"},
				"up": {"uv": [10.984, 9.984, 10.516, 9.516], "texture": "#0"}
			}
		},
		{
			"from": [10.449, 0.616, 8.0474],
			"to": [11.081, 0.932, 8.6794],
			"rotation": {"angle": 0, "axis": "y", "origin": [4.7194, 2.944, 3.0546]},
			"faces": {
				"north": {"uv": [10.516, 10.016, 10.984, 10.484], "texture": "#0"},
				"east": {"uv": [10.516, 10.516, 10.984, 10.984], "texture": "#0"},
				"south": {"uv": [0.016, 11.016, 0.484, 11.484], "texture": "#0"},
				"west": {"uv": [11.016, 0.016, 11.484, 0.484], "texture": "#0"},
				"up": {"uv": [0.984, 11.484, 0.516, 11.016], "texture": "#0"}
			}
		},
		{
			"from": [9.7538, 0.616, 8.0474],
			"to": [10.3858, 0.932, 8.6794],
			"rotation": {"angle": 0, "axis": "y", "origin": [4.7194, 2.944, 3.0546]},
			"faces": {
				"north": {"uv": [1.016, 11.016, 1.484, 11.484], "texture": "#0"},
				"east": {"uv": [11.016, 1.016, 11.484, 1.484], "texture": "#0"},
				"south": {"uv": [1.516, 11.016, 1.984, 11.484], "texture": "#0"},
				"west": {"uv": [11.016, 1.516, 11.484, 1.984], "texture": "#0"},
				"up": {"uv": [2.484, 11.484, 2.016, 11.016], "texture": "#0"}
			}
		},
		{
			"from": [9.0586, 0.616, 8.0474],
			"to": [9.6906, 0.932, 8.6794],
			"rotation": {"angle": 0, "axis": "y", "origin": [4.7194, 2.944, 3.0546]},
			"faces": {
				"north": {"uv": [2.516, 11.016, 2.984, 11.484], "texture": "#0"},
				"east": {"uv": [11.016, 2.516, 11.484, 2.984], "texture": "#0"},
				"south": {"uv": [3.016, 11.016, 3.484, 11.484], "texture": "#0"},
				"west": {"uv": [11.016, 3.016, 11.484, 3.484], "texture": "#0"},
				"up": {"uv": [3.984, 11.484, 3.516, 11.016], "texture": "#0"}
			}
		},
		{
			"from": [8.3634, 0.616, 8.0474],
			"to": [8.9954, 0.932, 8.6794],
			"rotation": {"angle": 0, "axis": "y", "origin": [4.7194, 2.944, 3.0546]},
			"faces": {
				"north": {"uv": [4.016, 11.016, 4.484, 11.484], "texture": "#0"},
				"east": {"uv": [11.016, 4.016, 11.484, 4.484], "texture": "#0"},
				"south": {"uv": [4.516, 11.016, 4.984, 11.484], "texture": "#0"},
				"west": {"uv": [11.016, 4.516, 11.484, 4.984], "texture": "#0"},
				"up": {"uv": [5.484, 11.484, 5.016, 11.016], "texture": "#0"}
			}
		},
		{
			"from": [7.6682, 0.616, 8.0474],
			"to": [8.3002, 0.932, 8.6794],
			"rotation": {"angle": 0, "axis": "y", "origin": [4.7194, 2.944, 3.0546]},
			"faces": {
				"north": {"uv": [5.516, 11.016, 5.984, 11.484], "texture": "#0"},
				"east": {"uv": [11.016, 5.516, 11.484, 5.984], "texture": "#0"},
				"south": {"uv": [6.016, 11.016, 6.484, 11.484], "texture": "#0"},
				"west": {"uv": [11.016, 6.016, 11.484, 6.484], "texture": "#0"},
				"up": {"uv": [6.984, 11.484, 6.516, 11.016], "texture": "#0"}
			}
		},
		{
			"from": [6.973, 0.616, 8.0474],
			"to": [7.605, 0.932, 8.6794],
			"rotation": {"angle": 0, "axis": "y", "origin": [4.7194, 2.944, 3.0546]},
			"faces": {
				"north": {"uv": [7.016, 11.016, 7.484, 11.484], "texture": "#0"},
				"east": {"uv": [11.016, 7.016, 11.484, 7.484], "texture": "#0"},
				"south": {"uv": [7.516, 11.016, 7.984, 11.484], "texture": "#0"},
				"west": {"uv": [11.016, 7.516, 11.484, 7.984], "texture": "#0"},
				"up": {"uv": [8.484, 11.484, 8.016, 11.016], "texture": "#0"}
			}
		},
		{
			"from": [6.2778, 0.616, 8.0474],
			"to": [6.9098, 0.932, 8.6794],
			"rotation": {"angle": 0, "axis": "y", "origin": [4.7194, 2.944, 3.0546]},
			"faces": {
				"north": {"uv": [8.516, 11.016, 8.984, 11.484], "texture": "#0"},
				"east": {"uv": [11.016, 8.516, 11.484, 8.984], "texture": "#0"},
				"south": {"uv": [9.016, 11.016, 9.484, 11.484], "texture": "#0"},
				"west": {"uv": [11.016, 9.016, 11.484, 9.484], "texture": "#0"},
				"up": {"uv": [9.984, 11.484, 9.516, 11.016], "texture": "#0"}
			}
		},
		{
			"from": [4.6662, 0.616, 8.0474],
			"to": [5.2982, 0.932, 8.6794],
			"rotation": {"angle": 0, "axis": "y", "origin": [4.7194, 2.944, 3.0546]},
			"faces": {
				"north": {"uv": [10.016, 11.016, 10.484, 11.484], "texture": "#0"},
				"east": {"uv": [11.016, 10.016, 11.484, 10.484], "texture": "#0"},
				"south": {"uv": [10.516, 11.016, 10.984, 11.484], "texture": "#0"},
				"west": {"uv": [11.016, 10.516, 11.484, 10.984], "texture": "#0"},
				"up": {"uv": [11.484, 11.484, 11.016, 11.016], "texture": "#0"}
			}
		},
		{
			"from": [3.971, 0.616, 8.0474],
			"to": [4.603, 0.932, 8.6794],
			"rotation": {"angle": 0, "axis": "y", "origin": [4.7194, 2.944, 3.0546]},
			"faces": {
				"north": {"uv": [11.516, 0.016, 11.984, 0.484], "texture": "#0"},
				"east": {"uv": [0.516, 11.516, 0.984, 11.984], "texture": "#0"},
				"south": {"uv": [11.516, 0.516, 11.984, 0.984], "texture": "#0"},
				"west": {"uv": [1.016, 11.516, 1.484, 11.984], "texture": "#0"},
				"up": {"uv": [11.984, 1.484, 11.516, 1.016], "texture": "#0"}
			}
		},
		{
			"from": [3.2758, 0.616, 8.0474],
			"to": [3.9078, 0.932, 8.6794],
			"rotation": {"angle": 0, "axis": "y", "origin": [4.7194, 2.944, 3.0546]},
			"faces": {
				"north": {"uv": [11.516, 1.516, 11.984, 1.984], "texture": "#0"},
				"east": {"uv": [2.016, 11.516, 2.484, 11.984], "texture": "#0"},
				"south": {"uv": [11.516, 2.016, 11.984, 2.484], "texture": "#0"},
				"west": {"uv": [2.516, 11.516, 2.984, 11.984], "texture": "#0"},
				"up": {"uv": [11.984, 2.984, 11.516, 2.516], "texture": "#0"}
			}
		},
		{
			"from": [14.557, 0.616, 7.3838],
			"to": [15.5682, 0.932, 8.0158],
			"rotation": {"angle": 0, "axis": "y", "origin": [4.7194, 2.944, 3.0546]},
			"faces": {
				"north": {"uv": [11.516, 3.016, 11.984, 3.484], "texture": "#0"},
				"east": {"uv": [3.516, 11.516, 3.984, 11.984], "texture": "#0"},
				"south": {"uv": [11.516, 3.516, 11.984, 3.984], "texture": "#0"},
				"west": {"uv": [4.016, 11.516, 4.484, 11.984], "texture": "#0"},
				"up": {"uv": [11.984, 4.484, 11.516, 4.016], "texture": "#0"}
			}
		},
		{
			"from": [5.4878, 0.616, 7.3838],
			"to": [6.8782, 0.932, 8.0158],
			"rotation": {"angle": 0, "axis": "y", "origin": [4.7194, 2.944, 3.0546]},
			"faces": {
				"north": {"uv": [11.516, 4.516, 11.984, 4.984], "texture": "#0"},
				"east": {"uv": [5.016, 11.516, 5.484, 11.984], "texture": "#0"},
				"south": {"uv": [11.516, 5.016, 11.984, 5.484], "texture": "#0"},
				"west": {"uv": [5.516, 11.516, 5.984, 11.984], "texture": "#0"},
				"up": {"uv": [11.984, 5.984, 11.516, 5.516], "texture": "#0"}
			}
		},
		{
			"from": [14.1462, 0.616, 6.6886],
			"to": [15.5682, 0.932, 7.3206],
			"rotation": {"angle": 0, "axis": "y", "origin": [4.7194, 2.944, 3.0546]},
			"faces": {
				"north": {"uv": [11.516, 6.016, 11.984, 6.484], "texture": "#0"},
				"east": {"uv": [6.516, 11.516, 6.984, 11.984], "texture": "#0"},
				"south": {"uv": [11.516, 6.516, 11.984, 6.984], "texture": "#0"},
				"west": {"uv": [7.016, 11.516, 7.484, 11.984], "texture": "#0"},
				"up": {"uv": [11.984, 7.484, 11.516, 7.016], "texture": "#0"}
			}
		},
		{
			"from": [5.4878, 0.616, 6.6886],
			"to": [7.1626, 0.932, 7.3206],
			"rotation": {"angle": 0, "axis": "y", "origin": [4.7194, 2.944, 3.0546]},
			"faces": {
				"north": {"uv": [0.016, 6.016, 0.984, 6.484], "texture": "#0"},
				"east": {"uv": [11.516, 7.516, 11.984, 7.984], "texture": "#0"},
				"south": {"uv": [1.016, 6.016, 1.984, 6.484], "texture": "#0"},
				"west": {"uv": [8.016, 11.516, 8.484, 11.984], "texture": "#0"},
				"up": {"uv": [2.984, 6.484, 2.016, 6.016], "texture": "#0"}
			}
		},
		{
			"from": [5.4878, 0.616, 8.711],
			"to": [6.5306, 0.932, 9.343],
			"rotation": {"angle": 0, "axis": "y", "origin": [4.7194, 2.944, 3.0546]},
			"faces": {
				"north": {"uv": [11.516, 8.016, 11.984, 8.484], "texture": "#0"},
				"east": {"uv": [8.516, 11.516, 8.984, 11.984], "texture": "#0"},
				"south": {"uv": [11.516, 8.516, 11.984, 8.984], "texture": "#0"},
				"west": {"uv": [9.016, 11.516, 9.484, 11.984], "texture": "#0"},
				"up": {"uv": [11.984, 9.484, 11.516, 9.016], "texture": "#0"}
			}
		},
		{
			"from": [14.6202, 0.616, 5.9934],
			"to": [15.5682, 0.932, 6.6254],
			"rotation": {"angle": 0, "axis": "y", "origin": [4.7194, 2.944, 3.0546]},
			"faces": {
				"north": {"uv": [11.516, 9.516, 11.984, 9.984], "texture": "#0"},
				"east": {"uv": [10.016, 11.516, 10.484, 11.984], "texture": "#0"},
				"south": {"uv": [11.516, 10.016, 11.984, 10.484], "texture": "#0"},
				"west": {"uv": [10.516, 11.516, 10.984, 11.984], "texture": "#0"},
				"up": {"uv": [11.984, 10.984, 11.516, 10.516], "texture": "#0"}
			}
		},
		{
			"from": [5.4878, 0.616, 5.9934],
			"to": [6.4358, 0.932, 6.6254],
			"rotation": {"angle": 0, "axis": "y", "origin": [4.7194, 2.944, 3.0546]},
			"faces": {
				"north": {"uv": [11.516, 11.016, 11.984, 11.484], "texture": "#0"},
				"east": {"uv": [11.516, 11.516, 11.984, 11.984], "texture": "#0"},
				"south": {"uv": [0.016, 12.016, 0.484, 12.484], "texture": "#0"},
				"west": {"uv": [12.016, 0.016, 12.484, 0.484], "texture": "#0"},
				"up": {"uv": [0.984, 12.484, 0.516, 12.016], "texture": "#0"}
			}
		},
		{
			"from": [13.6722, 0.616, 9.3746],
			"to": [14.3042, 0.932, 10.0066],
			"rotation": {"angle": 0, "axis": "y", "origin": [4.7194, 2.944, 3.0546]},
			"faces": {
				"north": {"uv": [1.016, 12.016, 1.484, 12.484], "texture": "#0"},
				"east": {"uv": [12.016, 1.016, 12.484, 1.484], "texture": "#0"},
				"south": {"uv": [1.516, 12.016, 1.984, 12.484], "texture": "#0"},
				"west": {"uv": [12.016, 1.516, 12.484, 1.984], "texture": "#0"},
				"up": {"uv": [2.484, 12.484, 2.016, 12.016], "texture": "#0"}
			}
		},
		{
			"from": [13.0086, 0.616, 9.3746],
			"to": [13.6406, 0.932, 10.0066],
			"rotation": {"angle": 0, "axis": "y", "origin": [4.7194, 2.944, 3.0546]},
			"faces": {
				"north": {"uv": [2.516, 12.016, 2.984, 12.484], "texture": "#0"},
				"east": {"uv": [12.016, 2.516, 12.484, 2.984], "texture": "#0"},
				"south": {"uv": [3.016, 12.016, 3.484, 12.484], "texture": "#0"},
				"west": {"uv": [12.016, 3.016, 12.484, 3.484], "texture": "#0"},
				"up": {"uv": [3.984, 12.484, 3.516, 12.016], "texture": "#0"}
			}
		},
		{
			"from": [12.345, 0.616, 9.3746],
			"to": [12.977, 0.932, 10.0066],
			"rotation": {"angle": 0, "axis": "y", "origin": [4.7194, 2.944, 3.0546]},
			"faces": {
				"north": {"uv": [4.016, 12.016, 4.484, 12.484], "texture": "#0"},
				"east": {"uv": [12.016, 4.016, 12.484, 4.484], "texture": "#0"},
				"south": {"uv": [4.516, 12.016, 4.984, 12.484], "texture": "#0"},
				"west": {"uv": [12.016, 4.516, 12.484, 4.984], "texture": "#0"},
				"up": {"uv": [5.484, 12.484, 5.016, 12.016], "texture": "#0"}
			}
		},
		{
			"from": [11.6814, 0.616, 9.3746],
			"to": [12.3134, 0.932, 10.0066],
			"rotation": {"angle": 0, "axis": "y", "origin": [4.7194, 2.944, 3.0546]},
			"faces": {
				"north": {"uv": [5.516, 12.016, 5.984, 12.484], "texture": "#0"},
				"east": {"uv": [12.016, 5.516, 12.484, 5.984], "texture": "#0"},
				"south": {"uv": [6.016, 12.016, 6.484, 12.484], "texture": "#0"},
				"west": {"uv": [12.016, 6.016, 12.484, 6.484], "texture": "#0"},
				"up": {"uv": [6.984, 12.484, 6.516, 12.016], "texture": "#0"}
			}
		},
		{
			"from": [10.5754, 0.616, 9.3746],
			"to": [11.2074, 0.932, 10.0066],
			"rotation": {"angle": 0, "axis": "y", "origin": [4.7194, 2.944, 3.0546]},
			"faces": {
				"north": {"uv": [7.016, 12.016, 7.484, 12.484], "texture": "#0"},
				"east": {"uv": [12.016, 7.016, 12.484, 7.484], "texture": "#0"},
				"south": {"uv": [7.516, 12.016, 7.984, 12.484], "texture": "#0"},
				"west": {"uv": [12.016, 7.516, 12.484, 7.984], "texture": "#0"},
				"up": {"uv": [8.484, 12.484, 8.016, 12.016], "texture": "#0"}
			}
		},
		{
			"from": [9.9118, 0.616, 9.3746],
			"to": [10.5438, 0.932, 10.0066],
			"rotation": {"angle": 0, "axis": "y", "origin": [4.7194, 2.944, 3.0546]},
			"faces": {
				"north": {"uv": [8.516, 12.016, 8.984, 12.484], "texture": "#0"},
				"east": {"uv": [12.016, 8.516, 12.484, 8.984], "texture": "#0"},
				"south": {"uv": [9.016, 12.016, 9.484, 12.484], "texture": "#0"},
				"west": {"uv": [12.016, 9.016, 12.484, 9.484], "texture": "#0"},
				"up": {"uv": [9.984, 12.484, 9.516, 12.016], "texture": "#0"}
			}
		},
		{
			"from": [9.2482, 0.616, 9.3746],
			"to": [9.8802, 0.932, 10.0066],
			"rotation": {"angle": 0, "axis": "y", "origin": [4.7194, 2.944, 3.0546]},
			"faces": {
				"north": {"uv": [10.016, 12.016, 10.484, 12.484], "texture": "#0"},
				"east": {"uv": [12.016, 10.016, 12.484, 10.484], "texture": "#0"},
				"south": {"uv": [10.516, 12.016, 10.984, 12.484], "texture": "#0"},
				"west": {"uv": [12.016, 10.516, 12.484, 10.984], "texture": "#0"},
				"up": {"uv": [11.484, 12.484, 11.016, 12.016], "texture": "#0"}
			}
		},
		{
			"from": [8.5846, 0.616, 9.3746],
			"to": [9.2166, 0.932, 10.0066],
			"rotation": {"angle": 0, "axis": "y", "origin": [4.7194, 2.944, 3.0546]},
			"faces": {
				"north": {"uv": [11.516, 12.016, 11.984, 12.484], "texture": "#0"},
				"east": {"uv": [12.016, 11.516, 12.484, 11.984], "texture": "#0"},
				"south": {"uv": [12.016, 12.016, 12.484, 12.484], "texture": "#0"},
				"west": {"uv": [0.016, 12.516, 0.484, 12.984], "texture": "#0"},
				"up": {"uv": [12.984, 0.484, 12.516, 0.016], "texture": "#0"}
			}
		},
		{
			"from": [7.4786, 0.616, 9.3746],
			"to": [8.1106, 0.932, 10.0066],
			"rotation": {"angle": 0, "axis": "y", "origin": [4.7194, 2.944, 3.0546]},
			"faces": {
				"north": {"uv": [12.516, 0.516, 12.984, 0.984], "texture": "#0"},
				"east": {"uv": [1.016, 12.516, 1.484, 12.984], "texture": "#0"},
				"south": {"uv": [12.516, 1.016, 12.984, 1.484], "texture": "#0"},
				"west": {"uv": [1.516, 12.516, 1.984, 12.984], "texture": "#0"},
				"up": {"uv": [12.984, 1.984, 12.516, 1.516], "texture": "#0"}
			}
		},
		{
			"from": [6.815, 0.616, 9.3746],
			"to": [7.447, 0.932, 10.0066],
			"rotation": {"angle": 0, "axis": "y", "origin": [4.7194, 2.944, 3.0546]},
			"faces": {
				"north": {"uv": [12.516, 2.016, 12.984, 2.484], "texture": "#0"},
				"east": {"uv": [2.516, 12.516, 2.984, 12.984], "texture": "#0"},
				"south": {"uv": [12.516, 2.516, 12.984, 2.984], "texture": "#0"},
				"west": {"uv": [3.016, 12.516, 3.484, 12.984], "texture": "#0"},
				"up": {"uv": [12.984, 3.484, 12.516, 3.016], "texture": "#0"}
			}
		},
		{
			"from": [6.1514, 0.616, 9.3746],
			"to": [6.7834, 0.932, 10.0066],
			"rotation": {"angle": 0, "axis": "y", "origin": [4.7194, 2.944, 3.0546]},
			"faces": {
				"north": {"uv": [12.516, 3.516, 12.984, 3.984], "texture": "#0"},
				"east": {"uv": [4.016, 12.516, 4.484, 12.984], "texture": "#0"},
				"south": {"uv": [12.516, 4.016, 12.984, 4.484], "texture": "#0"},
				"west": {"uv": [4.516, 12.516, 4.984, 12.984], "texture": "#0"},
				"up": {"uv": [12.984, 4.984, 12.516, 4.516], "texture": "#0"}
			}
		},
		{
			"from": [5.4878, 0.616, 9.3746],
			"to": [6.1198, 0.932, 10.0066],
			"rotation": {"angle": 0, "axis": "y", "origin": [4.7194, 2.944, 3.0546]},
			"faces": {
				"north": {"uv": [12.516, 5.016, 12.984, 5.484], "texture": "#0"},
				"east": {"uv": [5.516, 12.516, 5.984, 12.984], "texture": "#0"},
				"south": {"uv": [12.516, 5.516, 12.984, 5.984], "texture": "#0"},
				"west": {"uv": [6.016, 12.516, 6.484, 12.984], "texture": "#0"},
				"up": {"uv": [12.984, 6.484, 12.516, 6.016], "texture": "#0"}
			}
		},
		{
			"from": [4.6662, 0.616, 9.3746],
			"to": [5.2982, 0.932, 10.0066],
			"rotation": {"angle": 0, "axis": "y", "origin": [4.7194, 2.944, 3.0546]},
			"faces": {
				"north": {"uv": [12.516, 6.516, 12.984, 6.984], "texture": "#0"},
				"east": {"uv": [7.016, 12.516, 7.484, 12.984], "texture": "#0"},
				"south": {"uv": [12.516, 7.016, 12.984, 7.484], "texture": "#0"},
				"west": {"uv": [7.516, 12.516, 7.984, 12.984], "texture": "#0"},
				"up": {"uv": [12.984, 7.984, 12.516, 7.516], "texture": "#0"}
			}
		},
		{
			"from": [3.971, 0.616, 9.3746],
			"to": [4.603, 0.932, 10.0066],
			"rotation": {"angle": 0, "axis": "y", "origin": [4.7194, 2.944, 3.0546]},
			"faces": {
				"north": {"uv": [12.516, 8.016, 12.984, 8.484], "texture": "#0"},
				"east": {"uv": [8.516, 12.516, 8.984, 12.984], "texture": "#0"},
				"south": {"uv": [12.516, 8.516, 12.984, 8.984], "texture": "#0"},
				"west": {"uv": [9.016, 12.516, 9.484, 12.984], "texture": "#0"},
				"up": {"uv": [12.984, 9.484, 12.516, 9.016], "texture": "#0"}
			}
		},
		{
			"from": [3.2758, 0.616, 9.3746],
			"to": [3.9078, 0.932, 10.0066],
			"rotation": {"angle": 0, "axis": "y", "origin": [4.7194, 2.944, 3.0546]},
			"faces": {
				"north": {"uv": [12.516, 9.516, 12.984, 9.984], "texture": "#0"},
				"east": {"uv": [10.016, 12.516, 10.484, 12.984], "texture": "#0"},
				"south": {"uv": [12.516, 10.016, 12.984, 10.484], "texture": "#0"},
				"west": {"uv": [10.516, 12.516, 10.984, 12.984], "texture": "#0"},
				"up": {"uv": [12.984, 10.984, 12.516, 10.516], "texture": "#0"}
			}
		},
		{
			"from": [4.0026, 0.616, 5.9934],
			"to": [4.6346, 0.932, 6.6254],
			"rotation": {"angle": 0, "axis": "y", "origin": [4.7194, 2.944, 3.0546]},
			"faces": {
				"north": {"uv": [12.516, 11.016, 12.984, 11.484], "texture": "#0"},
				"east": {"uv": [11.516, 12.516, 11.984, 12.984], "texture": "#0"},
				"south": {"uv": [12.516, 11.516, 12.984, 11.984], "texture": "#0"},
				"west": {"uv": [12.016, 12.516, 12.484, 12.984], "texture": "#0"},
				"up": {"uv": [12.984, 12.484, 12.516, 12.016], "texture": "#0"}
			}
		},
		{
			"from": [4.0026, 0.616, 6.6886],
			"to": [4.6346, 0.932, 7.3206],
			"rotation": {"angle": 0, "axis": "y", "origin": [4.7194, 2.944, 3.0546]},
			"faces": {
				"north": {"uv": [0.016, 13.016, 0.484, 13.484], "texture": "#0"},
				"east": {"uv": [13.016, 0.016, 13.484, 0.484], "texture": "#0"},
				"south": {"uv": [0.516, 13.016, 0.984, 13.484], "texture": "#0"},
				"west": {"uv": [13.016, 0.516, 13.484, 0.984], "texture": "#0"},
				"up": {"uv": [1.484, 13.484, 1.016, 13.016], "texture": "#0"}
			}
		},
		{
			"from": [1.127, 0.616, 6.6886],
			"to": [1.759, 0.932, 7.3206],
			"rotation": {"angle": 0, "axis": "y", "origin": [4.7194, 2.944, 3.0546]},
			"faces": {
				"north": {"uv": [1.516, 13.016, 1.984, 13.484], "texture": "#0"},
				"east": {"uv": [13.016, 1.516, 13.484, 1.984], "texture": "#0"},
				"south": {"uv": [2.016, 13.016, 2.484, 13.484], "texture": "#0"},
				"west": {"uv": [13.016, 2.016, 13.484, 2.484], "texture": "#0"},
				"up": {"uv": [2.984, 13.484, 2.516, 13.016], "texture": "#0"}
			}
		},
		{
			"from": [1.127, 0.616, 5.9934],
			"to": [1.759, 0.932, 6.6254],
			"rotation": {"angle": 0, "axis": "y", "origin": [4.7194, 2.944, 3.0546]},
			"faces": {
				"north": {"uv": [3.016, 13.016, 3.484, 13.484], "texture": "#0"},
				"east": {"uv": [13.016, 3.016, 13.484, 3.484], "texture": "#0"},
				"south": {"uv": [3.516, 13.016, 3.984, 13.484], "texture": "#0"},
				"west": {"uv": [13.016, 3.516, 13.484, 3.984], "texture": "#0"},
				"up": {"uv": [4.484, 13.484, 4.016, 13.016], "texture": "#0"}
			}
		},
		{
			"from": [0.4318, 0.616, 5.9934],
			"to": [1.0638, 0.932, 7.3206],
			"rotation": {"angle": 0, "axis": "y", "origin": [4.7194, 2.944, 3.0546]},
			"faces": {
				"north": {"uv": [4.516, 13.016, 4.984, 13.484], "texture": "#0"},
				"east": {"uv": [13.016, 4.516, 13.484, 4.984], "texture": "#0"},
				"south": {"uv": [5.016, 13.016, 5.484, 13.484], "texture": "#0"},
				"west": {"uv": [13.016, 5.016, 13.484, 5.484], "texture": "#0"},
				"up": {"uv": [5.984, 13.484, 5.516, 13.016], "texture": "#0"}
			}
		},
		{
			"from": [0.4318, 0.616, 7.3838],
			"to": [1.0638, 0.932, 8.711],
			"rotation": {"angle": 0, "axis": "y", "origin": [4.7194, 2.944, 3.0546]},
			"faces": {
				"north": {"uv": [6.016, 13.016, 6.484, 13.484], "texture": "#0"},
				"east": {"uv": [13.016, 6.016, 13.484, 6.484], "texture": "#0"},
				"south": {"uv": [6.516, 13.016, 6.984, 13.484], "texture": "#0"},
				"west": {"uv": [13.016, 6.516, 13.484, 6.984], "texture": "#0"},
				"up": {"uv": [7.484, 13.484, 7.016, 13.016], "texture": "#0"}
			}
		},
		{
			"from": [1.8222, 0.616, 6.6886],
			"to": [2.4542, 0.932, 7.3206],
			"rotation": {"angle": 0, "axis": "y", "origin": [4.7194, 2.944, 3.0546]},
			"faces": {
				"north": {"uv": [7.516, 13.016, 7.984, 13.484], "texture": "#0"},
				"east": {"uv": [13.016, 7.516, 13.484, 7.984], "texture": "#0"},
				"south": {"uv": [8.016, 13.016, 8.484, 13.484], "texture": "#0"},
				"west": {"uv": [13.016, 8.016, 13.484, 8.484], "texture": "#0"},
				"up": {"uv": [8.984, 13.484, 8.516, 13.016], "texture": "#0"}
			}
		},
		{
			"from": [2.5174, 0.616, 6.6886],
			"to": [3.1494, 0.932, 7.3206],
			"rotation": {"angle": 0, "axis": "y", "origin": [4.7194, 2.944, 3.0546]},
			"faces": {
				"north": {"uv": [9.016, 13.016, 9.484, 13.484], "texture": "#0"},
				"east": {"uv": [13.016, 9.016, 13.484, 9.484], "texture": "#0"},
				"south": {"uv": [9.516, 13.016, 9.984, 13.484], "texture": "#0"},
				"west": {"uv": [13.016, 9.516, 13.484, 9.984], "texture": "#0"},
				"up": {"uv": [10.484, 13.484, 10.016, 13.016], "texture": "#0"}
			}
		},
		{
			"from": [1.8222, 0.616, 5.9934],
			"to": [3.1494, 0.932, 6.6254],
			"rotation": {"angle": 0, "axis": "y", "origin": [4.7194, 2.944, 3.0546]},
			"faces": {
				"north": {"uv": [10.516, 13.016, 10.984, 13.484], "texture": "#0"},
				"east": {"uv": [13.016, 10.516, 13.484, 10.984], "texture": "#0"},
				"south": {"uv": [11.016, 13.016, 11.484, 13.484], "texture": "#0"},
				"west": {"uv": [13.016, 11.016, 13.484, 11.484], "texture": "#0"},
				"up": {"uv": [11.984, 13.484, 11.516, 13.016], "texture": "#0"}
			}
		},
		{
			"from": [2.5174, 0.616, 7.3838],
			"to": [3.1494, 0.932, 8.0158],
			"rotation": {"angle": 0, "axis": "y", "origin": [4.7194, 2.944, 3.0546]},
			"faces": {
				"north": {"uv": [12.016, 13.016, 12.484, 13.484], "texture": "#0"},
				"east": {"uv": [13.016, 12.016, 13.484, 12.484], "texture": "#0"},
				"south": {"uv": [12.516, 13.016, 12.984, 13.484], "texture": "#0"},
				"west": {"uv": [13.016, 12.516, 13.484, 12.984], "texture": "#0"},
				"up": {"uv": [13.484, 13.484, 13.016, 13.016], "texture": "#0"}
			}
		},
		{
			"from": [2.5174, 0.616, 8.079],
			"to": [3.1494, 0.932, 8.711],
			"rotation": {"angle": 0, "axis": "y", "origin": [4.7194, 2.944, 3.0546]},
			"faces": {
				"north": {"uv": [13.516, 0.016, 13.984, 0.484], "texture": "#0"},
				"east": {"uv": [0.516, 13.516, 0.984, 13.984], "texture": "#0"},
				"south": {"uv": [13.516, 0.516, 13.984, 0.984], "texture": "#0"},
				"west": {"uv": [1.016, 13.516, 1.484, 13.984], "texture": "#0"},
				"up": {"uv": [13.984, 1.484, 13.516, 1.016], "texture": "#0"}
			}
		},
		{
			"from": [1.8222, 0.616, 8.079],
			"to": [2.4542, 0.932, 8.711],
			"rotation": {"angle": 0, "axis": "y", "origin": [4.7194, 2.944, 3.0546]},
			"faces": {
				"north": {"uv": [13.516, 1.516, 13.984, 1.984], "texture": "#0"},
				"east": {"uv": [2.016, 13.516, 2.484, 13.984], "texture": "#0"},
				"south": {"uv": [13.516, 2.016, 13.984, 2.484], "texture": "#0"},
				"west": {"uv": [2.516, 13.516, 2.984, 13.984], "texture": "#0"},
				"up": {"uv": [13.984, 2.984, 13.516, 2.516], "texture": "#0"}
			}
		},
		{
			"from": [1.127, 0.616, 8.079],
			"to": [1.759, 0.932, 8.711],
			"rotation": {"angle": 0, "axis": "y", "origin": [4.7194, 2.944, 3.0546]},
			"faces": {
				"north": {"uv": [13.516, 3.016, 13.984, 3.484], "texture": "#0"},
				"east": {"uv": [3.516, 13.516, 3.984, 13.984], "texture": "#0"},
				"south": {"uv": [13.516, 3.516, 13.984, 3.984], "texture": "#0"},
				"west": {"uv": [4.016, 13.516, 4.484, 13.984], "texture": "#0"},
				"up": {"uv": [13.984, 4.484, 13.516, 4.016], "texture": "#0"}
			}
		},
		{
			"from": [1.127, 0.616, 8.7742],
			"to": [1.759, 0.932, 9.4062],
			"rotation": {"angle": 0, "axis": "y", "origin": [4.7194, 2.944, 3.0546]},
			"faces": {
				"north": {"uv": [13.516, 4.516, 13.984, 4.984], "texture": "#0"},
				"east": {"uv": [5.016, 13.516, 5.484, 13.984], "texture": "#0"},
				"south": {"uv": [13.516, 5.016, 13.984, 5.484], "texture": "#0"},
				"west": {"uv": [5.516, 13.516, 5.984, 13.984], "texture": "#0"},
				"up": {"uv": [13.984, 5.984, 13.516, 5.516], "texture": "#0"}
			}
		},
		{
			"from": [0.4318, 0.616, 8.7742],
			"to": [1.0638, 0.932, 9.4062],
			"rotation": {"angle": 0, "axis": "y", "origin": [4.7194, 2.944, 3.0546]},
			"faces": {
				"north": {"uv": [13.516, 6.016, 13.984, 6.484], "texture": "#0"},
				"east": {"uv": [6.516, 13.516, 6.984, 13.984], "texture": "#0"},
				"south": {"uv": [13.516, 6.516, 13.984, 6.984], "texture": "#0"},
				"west": {"uv": [7.016, 13.516, 7.484, 13.984], "texture": "#0"},
				"up": {"uv": [13.984, 7.484, 13.516, 7.016], "texture": "#0"}
			}
		},
		{
			"from": [1.8222, 0.616, 8.7742],
			"to": [2.4542, 0.932, 9.4062],
			"rotation": {"angle": 0, "axis": "y", "origin": [4.7194, 2.944, 3.0546]},
			"faces": {
				"north": {"uv": [13.516, 7.516, 13.984, 7.984], "texture": "#0"},
				"east": {"uv": [8.016, 13.516, 8.484, 13.984], "texture": "#0"},
				"south": {"uv": [13.516, 8.016, 13.984, 8.484], "texture": "#0"},
				"west": {"uv": [8.516, 13.516, 8.984, 13.984], "texture": "#0"},
				"up": {"uv": [13.984, 8.984, 13.516, 8.516], "texture": "#0"}
			}
		},
		{
			"from": [2.5174, 0.616, 8.7742],
			"to": [3.1494, 0.932, 9.4062],
			"rotation": {"angle": 0, "axis": "y", "origin": [4.7194, 2.944, 3.0546]},
			"faces": {
				"north": {"uv": [13.516, 9.016, 13.984, 9.484], "texture": "#0"},
				"east": {"uv": [9.516, 13.516, 9.984, 13.984], "texture": "#0"},
				"south": {"uv": [13.516, 9.516, 13.984, 9.984], "texture": "#0"},
				"west": {"uv": [10.016, 13.516, 10.484, 13.984], "texture": "#0"},
				"up": {"uv": [13.984, 10.484, 13.516, 10.016], "texture": "#0"}
			}
		},
		{
			"from": [1.8222, 0.616, 7.3838],
			"to": [2.4542, 0.932, 8.0158],
			"rotation": {"angle": 0, "axis": "y", "origin": [4.7194, 2.944, 3.0546]},
			"faces": {
				"north": {"uv": [13.516, 10.516, 13.984, 10.984], "texture": "#0"},
				"east": {"uv": [11.016, 13.516, 11.484, 13.984], "texture": "#0"},
				"south": {"uv": [13.516, 11.016, 13.984, 11.484], "texture": "#0"},
				"west": {"uv": [11.516, 13.516, 11.984, 13.984], "texture": "#0"},
				"up": {"uv": [13.984, 11.984, 13.516, 11.516], "texture": "#0"}
			}
		},
		{
			"from": [1.127, 0.616, 7.3838],
			"to": [1.759, 0.932, 8.0158],
			"rotation": {"angle": 0, "axis": "y", "origin": [4.7194, 2.944, 3.0546]},
			"faces": {
				"north": {"uv": [13.516, 12.016, 13.984, 12.484], "texture": "#0"},
				"east": {"uv": [12.516, 13.516, 12.984, 13.984], "texture": "#0"},
				"south": {"uv": [13.516, 12.516, 13.984, 12.984], "texture": "#0"},
				"west": {"uv": [13.016, 13.516, 13.484, 13.984], "texture": "#0"},
				"up": {"uv": [13.984, 13.484, 13.516, 13.016], "texture": "#0"}
			}
		},
		{
			"from": [3.3074, 0.616, 5.9934],
			"to": [3.9394, 0.932, 6.6254],
			"rotation": {"angle": 0, "axis": "y", "origin": [4.7194, 2.944, 3.0546]},
			"faces": {
				"north": {"uv": [0.016, 14.016, 0.484, 14.484], "texture": "#0"},
				"east": {"uv": [14.016, 0.016, 14.484, 0.484], "texture": "#0"},
				"south": {"uv": [0.516, 14.016, 0.984, 14.484], "texture": "#0"},
				"west": {"uv": [14.016, 0.516, 14.484, 0.984], "texture": "#0"},
				"up": {"uv": [1.484, 14.484, 1.016, 14.016], "texture": "#0"}
			}
		},
		{
			"from": [4.6978, 0.616, 5.9934],
			"to": [5.3298, 0.932, 6.6254],
			"rotation": {"angle": 0, "axis": "y", "origin": [4.7194, 2.944, 3.0546]},
			"faces": {
				"north": {"uv": [1.516, 14.016, 1.984, 14.484], "texture": "#0"},
				"east": {"uv": [14.016, 1.516, 14.484, 1.984], "texture": "#0"},
				"south": {"uv": [2.016, 14.016, 2.484, 14.484], "texture": "#0"},
				"west": {"uv": [14.016, 2.016, 14.484, 2.484], "texture": "#0"},
				"up": {"uv": [2.984, 14.484, 2.516, 14.016], "texture": "#0"}
			}
		},
		{
			"from": [2.3594, 0.616, 9.5326],
			"to": [2.6754, 0.616, 9.8486],
			"rotation": {"angle": 0, "axis": "y", "origin": [4.7194, 2.944, 3.0546]},
			"faces": {
				"north": {"uv": [0, 0, 0.5, 0], "texture": "#0"},
				"east": {"uv": [0, 0, 0.5, 0], "texture": "#0"},
				"south": {"uv": [0, 0, 0.5, 0], "texture": "#0"},
				"west": {"uv": [0, 0, 0.5, 0], "texture": "#0"},
				"up": {"uv": [3.5, 14.5, 3, 14], "texture": "#0"},
				"down": {"uv": [14.5, 3, 14, 3.5], "texture": "#0"}
			}
		},
		{
			"from": [1.6642, 0.616, 9.5326],
			"to": [1.9802, 0.616, 9.8486],
			"rotation": {"angle": 0, "axis": "y", "origin": [4.7194, 2.944, 3.0546]},
			"faces": {
				"north": {"uv": [0, 0, 0.5, 0], "texture": "#0"},
				"east": {"uv": [0, 0, 0.5, 0], "texture": "#0"},
				"south": {"uv": [0, 0, 0.5, 0], "texture": "#0"},
				"west": {"uv": [0, 0, 0.5, 0], "texture": "#0"},
				"up": {"uv": [4, 14.5, 3.5, 14], "texture": "#0"},
				"down": {"uv": [14.5, 3.5, 14, 4], "texture": "#0"}
			}
		},
		{
			"from": [0.969, 0.616, 9.5326],
			"to": [1.285, 0.616, 9.8486],
			"rotation": {"angle": 0, "axis": "y", "origin": [4.7194, 2.944, 3.0546]},
			"faces": {
				"north": {"uv": [0, 0, 0.5, 0], "texture": "#0"},
				"east": {"uv": [0, 0, 0.5, 0], "texture": "#0"},
				"south": {"uv": [0, 0, 0.5, 0], "texture": "#0"},
				"west": {"uv": [0, 0, 0.5, 0], "texture": "#0"},
				"up": {"uv": [4.5, 14.5, 4, 14], "texture": "#0"},
				"down": {"uv": [14.5, 4, 14, 4.5], "texture": "#0"}
			}
		}
	],
	"display": {
		"thirdperson_righthand": {
			"rotation": [180, 0, 90],
			"translation": [-7.5, 4.5, -1.75]
		},
		"thirdperson_lefthand": {
			"rotation": [0, 0, 90],
			"translation": [-7.5, 4.5, -1.75]
		},
		"firstperson_righthand": {
			"rotation": [-180, 25, 90],
			"translation": [-5.5, 2.25, -2]
		},
		"firstperson_lefthand": {
			"rotation": [-180, 25, 90],
			"translation": [-5.5, 2.25, -2]
		},
		"ground": {
			"translation": [0, 4.5, 0]
		},
		"gui": {
			"rotation": [90, 135, 0]
		},
		"head": {
			"translation": [0, 14.5, 0]
		},
		"fixed": {
			"rotation": [-90, 0, 0],
			"translation": [0, 0, -14],
			"scale": [2, 2, 2]
		}
	},
	"groups": [
		{
			"name": "Keyboard",
			"origin": [9.7754, 8, 8.1106],
			"color": 0,
			"nbt": "{}",
			"children": [
				0,
				{
					"name": "keys",
					"origin": [1.7754, 0, 0.1106],
					"color": 0,
					"nbt": "{}",
					"children": [
						1,
						2,
						3,
						4,
						5,
						6,
						7,
						8,
						9,
						10,
						11,
						12,
						13,
						14,
						15,
						16,
						17,
						18,
						19,
						20,
						21,
						22,
						23,
						24,
						25,
						26,
						27,
						28,
						29,
						30,
						31,
						32,
						33,
						34,
						35,
						36,
						37,
						38,
						39,
						40,
						41,
						42,
						43,
						44,
						45,
						46,
						47,
						48,
						49,
						50,
						51,
						52,
						53,
						54,
						55,
						56,
						57,
						58,
						59,
						60,
						61,
						62,
						63,
						64,
						65,
						66,
						67,
						68,
						69,
						70,
						71,
						72,
						73,
						74,
						75,
						76,
						77,
						78,
						79,
						80,
						81,
						82,
						83,
						84,
						85,
						86,
						87,
						88,
						89,
						90,
						91,
						92,
						93,
						94,
						95,
						96,
						97,
						98,
						99,
						100,
						101,
						102,
						103
					]
				},
				{
					"name": "leds",
					"origin": [1.7754, 0, 0.1106],
					"color": 0,
					"nbt": "{}",
					"children": []
				}
			]
		},
		104,
		105,
		106
	]
}