{
	"credit": "Made by Xiques_L",
	"texture_size": [32, 32],
	"textures": {
		"1": "block/mushroom_stem",
		"2": "block/red_mushroom_block",
		"particle": "item/hattextures/red_mushroom_block"
	},
	"elements": [
		{
			"from": [10, 0, 5],
			"to": [11, 5, 11],
			"faces": {
				"north": {"uv": [10, 12, 10.5, 14.5], "texture": "#1"},
				"east": {"uv": [7, 12, 10, 14.5], "texture": "#1"},
				"south": {"uv": [13.5, 12, 14, 14.5], "texture": "#1"},
				"west": {"uv": [10.5, 12, 13.5, 14.5], "texture": "#1"},
				"up": {"uv": [10.5, 12, 10, 9], "texture": "#1"},
				"down": {"uv": [11, 9, 10.5, 12], "texture": "#1"}
			}
		},
		{
			"from": [5, 0, 5],
			"to": [6, 5, 11],
			"faces": {
				"north": {"uv": [3, 12, 3.5, 14.5], "texture": "#1"},
				"east": {"uv": [0, 12, 3, 14.5], "texture": "#1"},
				"south": {"uv": [6.5, 12, 7, 14.5], "texture": "#1"},
				"west": {"uv": [3.5, 12, 6.5, 14.5], "texture": "#1"},
				"up": {"uv": [3.5, 12, 3, 9], "texture": "#1"},
				"down": {"uv": [4, 9, 3.5, 12], "texture": "#1"}
			}
		},
		{
			"from": [6, 0, 5],
			"to": [10, 5, 6],
			"faces": {
				"north": {"uv": [11, 5.5, 13, 8], "texture": "#1"},
				"east": {"uv": [10.5, 5.5, 11, 8], "texture": "#1"},
				"south": {"uv": [13.5, 5.5, 15.5, 8], "texture": "#1"},
				"west": {"uv": [13, 5.5, 13.5, 8], "texture": "#1"},
				"up": {"uv": [13, 5.5, 11, 5], "texture": "#1"},
				"down": {"uv": [15, 5, 13, 5.5], "texture": "#1"}
			}
		},
		{
			"from": [6, 0, 10],
			"to": [10, 5, 11],
			"faces": {
				"north": {"uv": [4.5, 9.5, 6.5, 12], "texture": "#1"},
				"east": {"uv": [4, 9.5, 4.5, 12], "texture": "#1"},
				"south": {"uv": [7, 9.5, 9, 12], "texture": "#1"},
				"west": {"uv": [6.5, 9.5, 7, 12], "texture": "#1"},
				"up": {"uv": [6.5, 9.5, 4.5, 9], "texture": "#1"},
				"down": {"uv": [8.5, 9, 6.5, 9.5], "texture": "#1"}
			}
		},
		{
			"from": [4, 5, 4],
			"to": [12, 7, 12],
			"faces": {
				"north": {"uv": [4, 6, 8, 7], "texture": "#2"},
				"east": {"uv": [0, 6, 4, 7], "texture": "#2"},
				"south": {"uv": [12, 6, 16, 7], "texture": "#2"},
				"west": {"uv": [8, 6, 12, 7], "texture": "#2"},
				"up": {"uv": [8, 6, 4, 2], "texture": "#2"},
				"down": {"uv": [12, 2, 8, 6], "texture": "#2"}
			}
		},
		{
			"from": [4.5, 7, 4.5],
			"to": [11.5, 8, 11.5],
			"faces": {
				"north": {"uv": [5.5, 15.5, 9, 16], "texture": "#2"},
				"east": {"uv": [2, 15.5, 5.5, 16], "texture": "#2"},
				"south": {"uv": [12.5, 15.5, 16, 16], "texture": "#2"},
				"west": {"uv": [9, 15.5, 12.5, 16], "texture": "#2"},
				"up": {"uv": [9, 15.5, 5.5, 12], "texture": "#2"},
				"down": {"uv": [12.5, 12, 9, 15.5], "texture": "#2"}
			}
		}
	],
	"display": {
		"thirdperson_righthand": {
			"translation": [0, 2.5, 0],
			"scale": [0.5, 0.5, 0.5]
		},
		"thirdperson_lefthand": {
			"translation": [0, 2.5, 0],
			"scale": [0.5, 0.5, 0.5]
		},
		"ground": {
			"translation": [0, 4.5, 0]
		},
		"gui": {
			"rotation": [0, 20, 0],
			"translation": [0, 4.5, 0]
		},
		"head": {
			"translation": [0, 16.5, 0],
			"scale": [2.25, 1.5, 2.25]
		},
		"fixed": {
			"translation": [0, 4.5, 0]
		}
	}
}