{
	"credit": "Made by Xiques_L",
	"textures": {
		"0": "custom/permit-iron",
		"1": "custom/wax",
		"particle": "custom/permit-iron"
	},
	"elements": [
		{
			"from": [2.001, 0.001, 7.001],
			"to": [13.999, 1.999, 8.999],
			"rotation": {"angle": 0, "axis": "y", "origin": [6.875, 7.25, 7.95]},
			"faces": {
				"north": {"uv": [0.032, 6.032, 5.968, 6.968], "texture": "#0"},
				"east": {"uv": [11.032, 1.5, 11.968, 2.5], "texture": "#0"},
				"south": {"uv": [0.032, 6.032, 5.968, 6.968], "texture": "#0"},
				"west": {"uv": [11.032, 2.5, 11.968, 3.5], "texture": "#0"},
				"up": {"uv": [5.968, 6.968, 0.032, 6.032], "texture": "#0"},
				"down": {"uv": [5.968, 6.032, 0.032, 6.968], "texture": "#0"}
			}
		},
		{
			"from": [2.001, 14.001, 7.001],
			"to": [13.999, 15.999, 8.999],
			"rotation": {"angle": 0, "axis": "y", "origin": [6.875, 7.25, 7.95]},
			"faces": {
				"north": {"uv": [0.032, 6.032, 5.968, 6.968], "texture": "#0"},
				"east": {"uv": [11.032, 1.5, 11.968, 2.5], "texture": "#0"},
				"south": {"uv": [0.032, 6.032, 5.968, 6.968], "texture": "#0"},
				"west": {"uv": [11.032, 2.5, 11.968, 3.5], "texture": "#0"},
				"up": {"uv": [5.968, 6.968, 0.032, 6.032], "texture": "#0"},
				"down": {"uv": [5.968, 6.032, 0.032, 6.968], "texture": "#0"}
			}
		},
		{
			"from": [2.5, 2, 8],
			"to": [13.5, 14, 8],
			"rotation": {"angle": 0, "axis": "y", "origin": [6.875, 7.25, 7.95]},
			"faces": {
				"north": {"uv": [0.032, 0.032, 5.5, 5.968], "texture": "#0"},
				"south": {"uv": [5.5, 0.032, 10.968, 5.968], "texture": "#0"}
			}
		},
		{
			"from": [4.5, 5, 7],
			"to": [6.5, 6, 8],
			"rotation": {"angle": 0, "axis": "y", "origin": [6.875, 7.25, 7.95]},
			"faces": {
				"north": {"uv": [4.032, 8.032, 5.968, 8.968], "texture": "#1"},
				"east": {"uv": [8.032, 4.032, 9.968, 4.968], "texture": "#1"},
				"west": {"uv": [6.032, 8.032, 7.968, 8.968], "texture": "#1"},
				"up": {"uv": [5.968, 7.968, 4.032, 6.032], "texture": "#1"}
			}
		},
		{
			"from": [3.5, 3, 7],
			"to": [7.5, 5, 8],
			"rotation": {"angle": 0, "axis": "y", "origin": [6.875, 7.25, 7.95]},
			"faces": {
				"north": {"uv": [4.032, 0.032, 7.968, 1.968], "texture": "#1"},
				"east": {"uv": [0.032, 7.032, 1.968, 8.968], "texture": "#1"},
				"west": {"uv": [2.032, 7.032, 3.968, 8.968], "texture": "#1"},
				"up": {"uv": [7.968, 5.968, 4.032, 4.032], "texture": "#1"},
				"down": {"uv": [3.968, 5.032, 0.032, 6.968], "texture": "#1"}
			}
		},
		{
			"from": [4.5, 2, 7],
			"to": [6.5, 3, 8],
			"rotation": {"angle": 0, "axis": "y", "origin": [6.875, 7.25, 7.95]},
			"faces": {
				"north": {"uv": [8.032, 6.032, 9.968, 6.968], "texture": "#1"},
				"east": {"uv": [8.032, 7.032, 9.968, 7.968], "texture": "#1"},
				"west": {"uv": [0.032, 9.032, 1.968, 9.968], "texture": "#1"}
			}
		},
		{
			"from": [4.5, -3, 7],
			"to": [6.5, 2, 7],
			"rotation": {"angle": 0, "axis": "y", "origin": [6.875, 7.25, 7.95]},
			"faces": {
				"north": {"uv": [0.032, 0.032, 1.968, 4.968], "texture": "#1"},
				"south": {"uv": [1.968, 0.032, 0.032, 4.968], "texture": "#1"}
			}
		}
	],
	"display": {
		"thirdperson_righthand": {
			"rotation": [60, 0, 0],
			"translation": [0, -4.25, -4.75],
			"scale": [0.65, 0.65, 0.65]
		},
		"thirdperson_lefthand": {
			"rotation": [60, 0, 0],
			"translation": [0, -4.25, -4.75],
			"scale": [0.65, 0.65, 0.65]
		},
		"firstperson_righthand": {
			"rotation": [0, 164, 0],
			"scale": [0.75, 0.75, 0.75]
		},
		"firstperson_lefthand": {
			"rotation": [0, 163, 0],
			"scale": [0.75, 0.75, 0.75]
		},
		"ground": {
			"translation": [0, 2, 0],
			"scale": [0.75, 0.75, 0.75]
		},
		"gui": {
			"rotation": [30, -134, 0],
			"scale": [0.625, 0.625, 0.625]
		},
		"head": {
			"rotation": [90, 0, 0],
			"translation": [0, 7, 0]
		},
		"fixed": {
			"translation": [0, 0, -1.5],
			"scale": [1.5, 1.5, 1.5]
		}
	},
	"groups": [
		{
			"name": "group",
			"origin": [8, 8, 8],
			"color": 0,
			"nbt": "{}",
			"children": [
				0,
				1,
				2,
				{
					"name": "wax",
					"origin": [6.875, 7.25, 7.95],
					"color": 0,
					"nbt": "{}",
					"children": [3, 4, 5, 6]
				}
			]
		}
	]
}