{
	"credit": "Made by Xiques_L",
	"texture_size": [128, 128],
	"textures": {
		"4": "custom/tophat",
		"5": "custom/diamond"
	},
	"elements": [
		{
			"name": "base",
			"from": [12, -0.5, 1],
			"to": [15, 1, 15],
			"rotation": {"angle": 0, "axis": "y", "origin": [8, 5.375, 8]},
			"faces": {
				"north": {"uv": [4.879, 2.004, 5.246, 2.121], "texture": "#4"},
				"south": {"uv": [7.004, 2.004, 7.371, 2.121], "texture": "#4", "tintindex": 0},
				"west": {"uv": [5.254, 2.004, 6.996, 2.121], "texture": "#4"},
				"up": {"uv": [5.246, 1.996, 4.879, 0.254], "texture": "#4"},
				"down": {"uv": [5.621, 0.254, 5.254, 1.996], "texture": "#4", "cullface": "down"}
			}
		},
		{
			"name": "base",
			"from": [4, -0.5, 1],
			"to": [12, 1, 4],
			"rotation": {"angle": 0, "axis": "y", "origin": [8, 5.375, 8]},
			"faces": {
				"north": {"uv": [3.004, 7.754, 3.996, 7.871], "texture": "#4"},
				"south": {"uv": [4.379, 7.754, 5.371, 7.871], "texture": "#4", "tintindex": 0},
				"up": {"uv": [3.996, 7.746, 3.004, 7.379], "texture": "#4"},
				"down": {"uv": [4.996, 7.379, 4.004, 7.746], "texture": "#4", "cullface": "down"}
			}
		},
		{
			"name": "base",
			"from": [1, -0.5, 1],
			"to": [4, 1, 15],
			"rotation": {"angle": 0, "axis": "y", "origin": [8, 5.375, 8]},
			"faces": {
				"north": {"uv": [3.879, 4.504, 4.246, 4.621], "texture": "#4"},
				"east": {"uv": [2.129, 4.504, 3.871, 4.621], "texture": "#4"},
				"south": {"uv": [6.004, 4.504, 6.371, 4.621], "texture": "#4", "tintindex": 0},
				"up": {"uv": [4.246, 4.496, 3.879, 2.754], "texture": "#4"},
				"down": {"uv": [4.621, 2.754, 4.254, 4.496], "texture": "#4", "cullface": "down"}
			}
		},
		{
			"name": "base",
			"from": [4, -0.5, 12],
			"to": [12, 1, 15],
			"rotation": {"angle": 0, "axis": "y", "origin": [8, 5.375, 8]},
			"faces": {
				"north": {"uv": [7.629, 0.879, 8.621, 0.996], "texture": "#4"},
				"south": {"uv": [9.004, 0.879, 9.996, 0.996], "texture": "#4", "tintindex": 0},
				"up": {"uv": [8.621, 0.871, 7.629, 0.504], "texture": "#4"},
				"down": {"uv": [9.621, 0.504, 8.629, 0.871], "texture": "#4", "cullface": "down"}
			}
		},
		{
			"name": "wing 1",
			"from": [4.2045, -3.729, 1],
			"to": [7.2045, -2.729, 15],
			"rotation": {"angle": -45, "axis": "z", "origin": [8, 5.375, 8]},
			"faces": {
				"north": {"uv": [1.754, 1.754, 2.371, 1.871], "texture": "#4"},
				"south": {"uv": [4.129, 1.754, 4.746, 1.871], "texture": "#4", "tintindex": 0},
				"west": {"uv": [2.379, 1.754, 4.121, 1.871], "texture": "#4", "cullface": "west"},
				"up": {"uv": [2.371, 1.746, 1.754, 0.004], "texture": "#4"},
				"down": {"uv": [2.996, 0.004, 2.379, 1.746], "texture": "#4"}
			}
		},
		{
			"from": [16.104, 6.17049, 1],
			"to": [17.104, 9.17049, 15],
			"rotation": {"angle": -45, "axis": "z", "origin": [8, 5.375, 8]},
			"faces": {
				"north": {"uv": [1.754, 3.754, 1.871, 4.371], "texture": "#4"},
				"east": {"uv": [0.004, 3.754, 1.746, 4.371], "texture": "#4"},
				"south": {"uv": [3.629, 3.754, 3.746, 4.371], "texture": "#4"},
				"west": {"uv": [1.879, 3.754, 3.621, 4.371], "texture": "#4"},
				"up": {"uv": [1.871, 3.746, 1.754, 2.004], "texture": "#4"}
			}
		},
		{
			"from": [2.5, 1, 12.5],
			"to": [13.5, 5, 13.5],
			"rotation": {"angle": 0, "axis": "y", "origin": [8, 5.375, 8]},
			"faces": {
				"north": {"uv": [7.004, 4.129, 8.371, 4.621], "texture": "#4"},
				"east": {"uv": [6.879, 4.129, 6.996, 4.621], "texture": "#4", "tintindex": 0},
				"south": {"uv": [8.504, 4.129, 9.871, 4.621], "texture": "#4", "tintindex": 0},
				"west": {"uv": [8.379, 4.129, 8.496, 4.621], "texture": "#4"}
			}
		},
		{
			"from": [2.5, 1, 2.5],
			"to": [13.5, 5, 3.5],
			"rotation": {"angle": 0, "axis": "y", "origin": [8, 5.375, 8]},
			"faces": {
				"north": {"uv": [1.629, 6.629, 2.996, 7.121], "texture": "#4", "tintindex": 0},
				"east": {"uv": [1.504, 6.629, 1.621, 7.121], "texture": "#4", "tintindex": 0},
				"south": {"uv": [3.129, 6.629, 4.496, 7.121], "texture": "#4", "tintindex": 0},
				"west": {"uv": [3.004, 6.629, 3.121, 7.121], "texture": "#4", "tintindex": 0}
			}
		},
		{
			"from": [12.5, 1, 3.5],
			"to": [13.5, 5, 12.5],
			"rotation": {"angle": 0, "axis": "y", "origin": [8, 5.375, 8]},
			"faces": {
				"east": {"uv": [0.004, 7.254, 1.121, 7.746], "texture": "#4", "tintindex": 0},
				"west": {"uv": [1.254, 7.254, 2.371, 7.746], "texture": "#4"}
			}
		},
		{
			"from": [2.5, 1, 3.5],
			"to": [3.5, 5, 12.5],
			"rotation": {"angle": 0, "axis": "y", "origin": [8, 5.375, 8]},
			"faces": {
				"east": {"uv": [5.254, 7.129, 6.371, 7.621], "texture": "#4"},
				"west": {"uv": [6.504, 7.129, 7.621, 7.621], "texture": "#4"}
			}
		},
		{
			"from": [2.5, 10.27658, 4.07126],
			"to": [13.5, 12.67658, 5.07126],
			"rotation": {"angle": -22.5, "axis": "x", "origin": [8, 5.375, 8]},
			"faces": {
				"north": {"uv": [7.379, 0.129, 8.746, 0.371], "texture": "#4"},
				"east": {"uv": [7.254, 0.129, 7.371, 0.371], "texture": "#4"},
				"west": {"uv": [8.754, 0.129, 8.871, 0.371], "texture": "#4"},
				"up": {"uv": [8.746, 0.121, 7.379, 0.004], "texture": "#4"},
				"down": {"uv": [10.121, 0.004, 8.754, 0.121], "texture": "#4"}
			}
		},
		{
			"from": [2.5, 10.27658, 10.92874],
			"to": [13.5, 12.67658, 11.92874],
			"rotation": {"angle": 22.5, "axis": "x", "origin": [8, 5.375, 8]},
			"faces": {
				"east": {"uv": [2.129, 2.379, 2.246, 2.621], "texture": "#4"},
				"south": {"uv": [3.754, 2.379, 5.121, 2.621], "texture": "#4", "tintindex": 0},
				"west": {"uv": [3.629, 2.379, 3.746, 2.621], "texture": "#4"},
				"up": {"uv": [3.621, 2.371, 2.254, 2.254], "texture": "#4"},
				"down": {"uv": [4.996, 2.254, 3.629, 2.371], "texture": "#4"}
			}
		},
		{
			"from": [10.92874, 10.27658, 2.5],
			"to": [11.92874, 12.67658, 13.5],
			"rotation": {"angle": -22.5, "axis": "z", "origin": [8, 5.375, 8]},
			"faces": {
				"north": {"uv": [4.629, 6.129, 4.746, 6.371], "texture": "#4"},
				"east": {"uv": [3.254, 6.129, 4.621, 6.371], "texture": "#4"},
				"south": {"uv": [6.129, 6.129, 6.246, 6.371], "texture": "#4", "tintindex": 0},
				"up": {"uv": [4.746, 6.121, 4.629, 4.754], "texture": "#4"},
				"down": {"uv": [4.871, 4.754, 4.754, 6.121], "texture": "#4"}
			}
		},
		{
			"from": [4.07126, 10.27658, 2.5],
			"to": [5.07126, 12.67658, 13.5],
			"rotation": {"angle": 22.5, "axis": "z", "origin": [8, 5.375, 8]},
			"faces": {
				"north": {"uv": [6.129, 3.629, 6.246, 3.871], "texture": "#4"},
				"south": {"uv": [7.629, 3.629, 7.746, 3.871], "texture": "#4", "tintindex": 0},
				"west": {"uv": [6.254, 3.629, 7.621, 3.871], "texture": "#4"},
				"up": {"uv": [6.246, 3.621, 6.129, 2.254], "texture": "#4"},
				"down": {"uv": [6.371, 2.254, 6.254, 3.621], "texture": "#4"}
			}
		},
		{
			"from": [2.5, 5, 2.5],
			"to": [13.5, 11, 3.5],
			"rotation": {"angle": 0, "axis": "y", "origin": [8, 5.375, 8]},
			"faces": {
				"north": {"uv": [6.879, 6.129, 8.246, 6.871], "texture": "#4"},
				"east": {"uv": [6.754, 6.129, 6.871, 6.871], "texture": "#4"},
				"south": {"uv": [8.379, 6.129, 9.746, 6.871], "texture": "#4", "tintindex": 0},
				"west": {"uv": [8.254, 6.129, 8.371, 6.871], "texture": "#4"},
				"up": {"uv": [8.246, 6.121, 6.879, 6.004], "texture": "#4"}
			}
		},
		{
			"from": [2.5, 5, 12.5],
			"to": [13.5, 11, 13.5],
			"rotation": {"angle": 0, "axis": "y", "origin": [8, 5.375, 8]},
			"faces": {
				"north": {"uv": [6.629, 2.379, 7.996, 3.121], "texture": "#4"},
				"east": {"uv": [6.504, 2.379, 6.621, 3.121], "texture": "#4"},
				"south": {"uv": [8.129, 2.379, 9.496, 3.121], "texture": "#4", "tintindex": 0},
				"west": {"uv": [8.004, 2.379, 8.121, 3.121], "texture": "#4"},
				"up": {"uv": [7.996, 2.371, 6.629, 2.254], "texture": "#4"}
			}
		},
		{
			"from": [3.5, 10, 3.5],
			"to": [12.5, 11, 12.5],
			"rotation": {"angle": 0, "axis": "y", "origin": [8, 5.375, 8]},
			"faces": {
				"up": {"uv": [2.246, 5.871, 1.129, 4.754], "texture": "#4", "tintindex": 0},
				"down": {"uv": [3.371, 4.754, 2.254, 5.871], "texture": "#4"}
			}
		},
		{
			"from": [12.5, 5, 3.5],
			"to": [13.5, 11, 12.5],
			"rotation": {"angle": 0, "axis": "y", "origin": [8, 5.375, 8]},
			"faces": {
				"east": {"uv": [5.754, 1.129, 6.871, 1.871], "texture": "#4"},
				"west": {"uv": [7.004, 1.129, 8.121, 1.871], "texture": "#4"},
				"up": {"uv": [6.996, 1.121, 6.879, 0.004], "texture": "#4"}
			}
		},
		{
			"from": [2.5, 5, 3.5],
			"to": [3.5, 11, 12.5],
			"rotation": {"angle": 0, "axis": "y", "origin": [8, 5.375, 8]},
			"faces": {
				"east": {"uv": [5.379, 5.129, 6.496, 5.871], "texture": "#4"},
				"west": {"uv": [6.629, 5.129, 7.746, 5.871], "texture": "#4"},
				"up": {"uv": [6.621, 5.121, 6.504, 4.004], "texture": "#4"}
			}
		},
		{
			"from": [10.83028, 0.65361, 2],
			"to": [13.83028, 1.15361, 2.5],
			"rotation": {"angle": -22.5, "axis": "z", "origin": [13.08028, 3.15361, 2.25]},
			"faces": {
				"north": {"uv": [0.016, 7.516, 2.984, 7.984], "texture": "#5"},
				"east": {"uv": [2.016, 9.016, 2.484, 9.484], "texture": "#5"},
				"south": {"uv": [3.016, 7.516, 5.984, 7.984], "texture": "#5"},
				"west": {"uv": [2.516, 9.016, 2.984, 9.484], "texture": "#5"},
				"down": {"uv": [2.984, 8.016, 0.016, 8.484], "texture": "#5"}
			}
		},
		{
			"from": [10.33028, 1.15361, 2],
			"to": [14.33028, 1.65361, 2.5],
			"rotation": {"angle": -22.5, "axis": "z", "origin": [13.08028, 3.15361, 2.25]},
			"faces": {
				"north": {"uv": [6.016, 2.516, 9.984, 2.984], "texture": "#5"},
				"east": {"uv": [3.016, 9.016, 3.484, 9.484], "texture": "#5"},
				"south": {"uv": [6.016, 3.016, 9.984, 3.484], "texture": "#5"},
				"west": {"uv": [3.516, 9.016, 3.984, 9.484], "texture": "#5"},
				"down": {"uv": [9.984, 6.016, 6.016, 6.484], "texture": "#5"}
			}
		},
		{
			"from": [10.33028, 5.65361, 2],
			"to": [14.33028, 6.15361, 2.5],
			"rotation": {"angle": -22.5, "axis": "z", "origin": [13.08028, 3.15361, 2.25]},
			"faces": {
				"north": {"uv": [0.016, 6.516, 3.984, 6.984], "texture": "#5"},
				"east": {"uv": [4.016, 9.016, 4.484, 9.484], "texture": "#5"},
				"south": {"uv": [4.016, 6.516, 7.984, 6.984], "texture": "#5"},
				"west": {"uv": [4.516, 9.016, 4.984, 9.484], "texture": "#5"},
				"up": {"uv": [3.984, 7.484, 0.016, 7.016], "texture": "#5"}
			}
		},
		{
			"from": [10.83028, 6.15361, 2],
			"to": [13.83028, 6.65361, 2.5],
			"rotation": {"angle": -22.5, "axis": "z", "origin": [13.08028, 3.15361, 2.25]},
			"faces": {
				"north": {"uv": [3.016, 8.016, 5.984, 8.484], "texture": "#5"},
				"east": {"uv": [5.016, 9.016, 5.484, 9.484], "texture": "#5"},
				"south": {"uv": [6.016, 8.016, 8.984, 8.484], "texture": "#5"},
				"west": {"uv": [5.516, 9.016, 5.984, 9.484], "texture": "#5"},
				"up": {"uv": [10.984, 6.984, 8.016, 6.516], "texture": "#5"}
			}
		},
		{
			"from": [11.33028, 6.65361, 2],
			"to": [13.33028, 7.15361, 2.5],
			"rotation": {"angle": -22.5, "axis": "z", "origin": [13.08028, 3.15361, 2.25]},
			"faces": {
				"north": {"uv": [0.016, 8.516, 1.984, 8.984], "texture": "#5"},
				"east": {"uv": [6.016, 9.016, 6.484, 9.484], "texture": "#5"},
				"south": {"uv": [2.016, 8.516, 3.984, 8.984], "texture": "#5"},
				"west": {"uv": [6.516, 9.016, 6.984, 9.484], "texture": "#5"},
				"up": {"uv": [5.984, 8.984, 4.016, 8.516], "texture": "#5"}
			}
		},
		{
			"from": [9.83028, 1.65361, 2],
			"to": [14.83028, 2.65361, 2.5],
			"rotation": {"angle": -22.5, "axis": "z", "origin": [13.08028, 3.15361, 2.25]},
			"faces": {
				"north": {"uv": [0.016, 4.016, 4.984, 4.984], "texture": "#5"},
				"east": {"uv": [0.016, 9.016, 0.484, 9.984], "texture": "#5"},
				"south": {"uv": [0.016, 5.016, 4.984, 5.984], "texture": "#5"},
				"west": {"uv": [0.516, 9.016, 0.984, 9.984], "texture": "#5"},
				"down": {"uv": [10.984, 1.016, 6.016, 1.484], "texture": "#5"}
			}
		},
		{
			"from": [9.83028, 4.65361, 2],
			"to": [14.83028, 5.65361, 2.5],
			"rotation": {"angle": -22.5, "axis": "z", "origin": [13.08028, 3.15361, 2.25]},
			"faces": {
				"north": {"uv": [5.016, 4.016, 9.984, 4.984], "texture": "#5"},
				"east": {"uv": [1.016, 9.016, 1.484, 9.984], "texture": "#5"},
				"south": {"uv": [5.016, 5.016, 9.984, 5.984], "texture": "#5"},
				"west": {"uv": [1.516, 9.016, 1.984, 9.984], "texture": "#5"},
				"up": {"uv": [10.984, 1.984, 6.016, 1.516], "texture": "#5"}
			}
		},
		{
			"from": [9.33028, 2.65361, 2],
			"to": [15.33028, 4.65361, 2.5],
			"rotation": {"angle": -22.5, "axis": "z", "origin": [13.08028, 3.15361, 2.25]},
			"faces": {
				"north": {"uv": [0.016, 0.016, 5.984, 1.984], "texture": "#5"},
				"east": {"uv": [8.016, 8.516, 8.484, 10.484], "texture": "#5"},
				"south": {"uv": [0.016, 2.016, 5.984, 3.984], "texture": "#5"},
				"west": {"uv": [8.516, 8.516, 8.984, 10.484], "texture": "#5"},
				"up": {"uv": [5.984, 6.484, 0.016, 6.016], "texture": "#5"},
				"down": {"uv": [11.984, 0.016, 6.016, 0.484], "texture": "#5"}
			}
		}
	],
	"display": {
		"thirdperson_righthand": {
			"translation": [0, -0.5, -3.25],
			"scale": [0.5, 0.5, 0.5]
		},
		"thirdperson_lefthand": {
			"translation": [0, -0.5, -3.25],
			"scale": [0.5, 0.5, 0.5]
		},
		"firstperson_righthand": {
			"translation": [0, 0, -1],
			"scale": [0.5, 0.5, 0.5]
		},
		"firstperson_lefthand": {
			"translation": [0, 0, -1],
			"scale": [0.5, 0.5, 0.5]
		},
		"ground": {
			"translation": [-0.5, 1, -0.5],
			"scale": [0.5, 0.5, 0.5]
		},
		"gui": {
			"rotation": [30, -134, 0],
			"translation": [0, 2, 0],
			"scale": [0.625, 0.625, 0.625]
		},
		"head": {
			"rotation": [0, 4, -4],
			"translation": [1, 15, 0]
		},
		"fixed": {
			"rotation": [-90, 0, 0],
			"translation": [0, 0, -8.5]
		}
	},
	"groups": [
		{
			"name": "Tophat",
			"origin": [14, 0.5, 8],
			"color": 0,
			"nbt": "{}",
			"children": [
				{
					"name": "Base",
					"origin": [0, 0, 0],
					"color": 0,
					"nbt": "{}",
					"children": [0, 1, 2, 3, 4, 5]
				},
				{
					"name": "top 1",
					"origin": [0, 0, 0],
					"color": 0,
					"nbt": "{}",
					"children": [6, 7, 8, 9]
				},
				{
					"name": "top 2",
					"origin": [8, 7.0391, 2.19657],
					"color": 0,
					"nbt": "{}",
					"children": [10, 11, 12, 13, 14, 15, 16, 17, 18]
				}
			]
		},
		{
			"name": "DIAMONDS",
			"origin": [8, 8, 8],
			"color": 0,
			"nbt": "{}",
			"children": [
				{
					"name": "diamond",
					"origin": [0, 0, 0],
					"color": 0,
					"nbt": "{}",
					"children": [19, 20, 21, 22, 23, 24, 25, 26]
				}
			]
		}
	]
}